Cases,Pop_Estimate,Median_Income,Unemployment,Less_Highschool,Highschool,Associates,Bachelors,PCTPov_All,Pop_Density
7992,224639,52711,7.8,13.3,25,28.4,33.4,15.8,0.000110446
3412,119883,54355,4.5,15.9,30.4,31.3,22.4,13.7,7.99E-05
204,8687,29572,10.9,17.2,36.9,23.1,22.8,33.9,4.66E-06
578,19793,40249,6.5,18.5,37.2,30.2,14.1,24.3,8.67E-06
1061,32966,41271,4.9,15,35.7,25.5,23.7,21.8,1.89E-05
530,22920,42922,4.7,20.4,34.9,28.2,16.5,17.5,1.52E-05
1550,58237,43670,5.1,16.2,31.4,34.6,17.8,18.9,3.51E-05
2984,90739,65403,4.9,15.4,35.6,32.9,16.1,11.2,5.55E-05
7448,221428,77801,3.9,7.3,19.8,29.9,42.9,6.2,0.000108857
182,12225,29209,7,13.3,35.4,29.8,21.6,36.4,5.22E-06
2956,79985,47719,7,19.7,33.7,31.6,15,17.4,4.19E-05
1607,40133,47100,6.9,19.3,32.7,29.5,18.4,16,2.16E-05
6858,210758,52307,6.6,11.7,29.9,27.7,30.7,16.2,6.16E-05
1904,63143,45991,5.8,18.2,37.5,33,11.3,17.3,3.08E-05
467,15976,48864,8,17.4,43.1,26.9,12.7,18.6,5.71E-06
372,10206,30998,14.7,23.5,39.5,24.5,12.5,32.5,4.44E-06
756,23508,40827,4.7,21.2,38.2,27.8,12.8,16.7,1.48E-05
335,9482,66923,4,14.5,43.5,30.5,11.5,14.8,5.24E-07
13,2614,62548,15.6,2.5,30.2,33.6,33.8,9.8,4.31E-07
0,2141,53141,13.5,6.3,38.5,33.9,21.3,15.7,1.26E-07
314,31849,85419,6.6,3.6,21.6,36.4,38.4,6.3,4.55E-06
795,59414,68625,9.1,7.3,31.2,36.8,24.6,10.4,1.43E-06
181,13747,75706,9.6,7.2,29.7,37.8,25.3,9.4,1.09E-06
191,12992,79669,6.2,10.2,29.7,32.1,28,7.1,7.58E-07
510,8328,35369,19.4,21.1,56,19,3.9,26.8,1.88E-07
0,1493,51693,9.4,12,44.2,27.7,16.1,17.4,2.41E-08
4819,110213,75856,8.3,7.1,33.1,38.3,21.6,9.6,1.72E-06
75,9909,58464,10.5,15.4,41.1,27.3,16.1,20.7,1.67E-07
259,9294,84784,5.9,10.3,43,30.2,16.5,11.4,4.04E-08
259,26480,84784,5.9,10.3,43,30.2,16.5,11.4,1.15E-07
213,7644,61660,12,17.5,46.7,22.6,13.2,24,8.28E-08
139,25566,71296,8.7,10.3,31.7,29.6,28.4,6.7,3.40E-06
139,3296,71296,8.7,10.3,31.7,29.6,28.4,6.7,4.39E-07
36,6147,50049,9.2,9.2,37.9,34.6,18.3,17.6,4.51E-07
91,8405,80660,6.9,5.3,27.4,34,33.4,8.1,1.13E-06
6,1179,74898,21.5,5.3,29.2,35.9,29.6,4,1.05E-06
260,6957,69646,7.4,10.1,34.2,35.9,19.7,12,1.08E-07
273,46552,74574,8.7,4.6,30.8,33.7,30.8,8.6,5.25E-07
27,2510,62496,8.4,13.5,35.3,31.8,19.4,9.7,3.79E-07
27,23113,62496,8.4,13.5,35.3,31.8,19.4,9.7,3.49E-06
0,637,61587,8.5,8.8,33.5,35.1,22.6,14.7,3.23E-08
141,5077,42063,12.1,14,40.2,32.2,13.6,24.4,1.35E-08
168,9447,68066,5.5,11.9,34.7,39.8,13.5,9.3,1.98E-06
211701,48998,68634,7.4,12.3,22.4,32.6,32.7,12.2,2.06E-06
9767,28684,49712,10,13.9,35.3,37.8,12.9,16,8.32E-07
4634,153192,40676,10.1,16.6,30.3,37.8,15.3,25.2,5.94E-06
44570,48353,56150,7.7,11.6,22.2,33.8,32.4,14,2.03E-06
23179,49019,62067,7.5,14.2,29.3,37,19.5,12.1,3.53E-06
1837,14646,47779,11.4,23.4,28.7,27.5,20.4,18.8,4.57E-06
7162,2145,54242,7.5,9,25.8,39.3,25.9,12,1.02E-07
9270,287066,47024,17.1,26.7,25.7,32.5,15,20.4,2.01E-05
425,49685,39982,5.8,19,41.3,25.4,14.3,22.9,2.95E-05
171,7169,48415,5.2,15.8,44.7,28.1,11.4,15.4,4.40E-06
690,25341,43841,5.7,13.7,35.9,29.1,21.2,14.7,1.55E-05
195,28837,37014,10.3,19.2,38.1,26.8,15.9,31,1.73E-05
713,26897,44105,5.9,10,30.2,33.1,26.6,20.6,1.20E-05
419,57764,40686,6,17.5,41.9,28,12.6,18.7,3.49E-05
686,58328,46214,7.6,14.1,42.8,27.6,15.5,14.1,4.07E-05
373,42015,53773,6.1,10.4,46.6,26.8,16.2,13.7,2.71E-05
747,54988,42964,6.8,14.1,41.7,24.5,19.6,21.2,2.77E-05
162,7602,37648,5,13.5,35.4,30.6,20.5,18.1,3.58E-06
912,23167,46393,6,14,41.6,30,14.5,17.3,1.22E-05
390,10327,50560,5.5,15.2,41.7,30.5,12.7,16.5,7.23E-06
533,17299,31521,9.1,19.7,31.9,34.6,13.8,33.3,9.60E-06
311,10643,44426,5.9,12.6,38.1,32,17.3,16.9,6.84E-06
740,16043,40536,5.5,19.7,43.1,26.2,11.1,23.1,8.17E-06
740,23283,40536,5.5,19.7,43.1,26.2,11.1,23.1,1.19E-05
709,19707,39722,6.6,15.1,36.5,34.3,14.1,20.2,8.87E-06
709,240119,39722,6.6,15.1,36.5,34.3,14.1,20.2,0.000108094
2433,64334,47519,5.9,15.5,35.2,26.5,22.8,16.9,3.06E-05
2433,76544,47519,5.9,15.5,35.2,26.5,22.8,16.9,3.64E-05
337,4119,46205,5.3,16.8,39.9,27.8,15.4,15,2.45E-06
337,7966,46205,5.3,16.8,39.9,27.8,15.4,15,4.75E-06
13794,392980,52684,7.4,9.6,26,30.1,34.3,14.6,0.000199931
13794,79811,52684,7.4,9.6,26,30.1,34.3,14.6,4.06E-05
626,6239,42875,5.9,17.1,36.1,32.9,13.8,17.3,3.69E-06
626,18247,42875,5.9,17.1,36.1,32.9,13.8,17.3,1.08E-05
820,33633,34389,7.9,18.1,37.6,33.9,10.4,32,2.05E-05
820,24682,34389,7.9,18.1,37.6,33.9,10.4,32,1.50E-05
4107,16037,66944,5.1,9.4,31.4,32.6,26.7,9.6,8.56E-06
4107,123968,66944,5.1,9.4,31.4,32.6,26.7,9.6,6.62E-05
323,10164,38065,4.5,20.9,40.8,29.1,9.3,19.6,4.40E-06
323,20613,38065,4.5,20.9,40.8,29.1,9.3,19.6,8.92E-06
170,7842,34712,6.4,18.2,40.2,29.7,11.9,22.4,4.55E-06
170,17168,34712,6.4,18.2,40.2,29.7,11.9,22.4,9.95E-06
5391,55304,48945,6,15.9,31,31.7,21.3,15.9,4.01E-05
5391,127590,48945,6,15.9,31,31.7,21.3,15.9,9.26E-05
692,30860,43493,5.8,23.5,37.5,26.3,12.8,17.7,2.11E-05
692,16702,43493,5.8,23.5,37.5,26.3,12.8,17.7,1.14E-05
432,30074,37591,7.1,16.5,40.9,32.4,10.2,23.3,1.92E-05
432,17424,37591,7.1,16.5,40.9,32.4,10.2,23.3,1.11E-05
217,11820,36930,7.1,18.8,34.9,32.4,13.9,19.3,7.53E-06
217,12674,36930,7.1,18.8,34.9,32.4,13.9,19.3,8.07E-06
1488,38219,46602,8.3,15.1,35.5,28.3,21.1,18.9,1.42E-05
527,16541,38096,7.1,14.9,42.6,28,14.5,19.9,9.00E-06
527,358245,38096,7.1,14.9,42.6,28,14.5,19.9,0.000194889
8980,14622,52158,4.6,15,25.7,26,33.3,15.1,5.99E-06
8980,243216,52158,4.6,15,25.7,26,33.3,15.1,9.97E-05
3051,78729,46388,6.2,15.6,39.3,24.2,20.9,15.4,2.94E-05
3051,5077,46388,6.2,15.6,39.3,24.2,20.9,15.4,1.89E-06
278,53569,36568,5.8,18.3,43.8,23.9,14,27.1,3.52E-05
278,6264,36568,5.8,18.3,43.8,23.9,14,27.1,4.12E-06
1001,9933,44469,5.1,21.8,40,25.3,12.8,15.6,4.12E-06
1001,21181,44469,5.1,21.8,40,25.3,12.8,15.6,8.79E-06
2553,96385,60910,11,21.8,23.3,36.6,18.2,12.8,6.18E-05
1674,64494,51672,8.8,15.5,30.1,38.7,15.7,16.3,8.44E-06
53,12216,43881,8,7.6,34.8,38,19.5,16.5,1.48E-06
13152,468680,56776,13.2,29.2,25.5,30.7,14.6,18.9,3.75E-05
1011,54515,64729,10.4,9.3,28.3,41.9,20.5,11.3,9.48E-06
34977,841387,91446,8.6,15,19.2,32.1,33.8,8.2,0.000176319
4619,219728,70951,7.5,13.5,18.1,27,41.4,16.9,8.36E-05
1786,80160,56607,10.5,17.7,23.6,41.6,17.1,15.2,4.90E-05
4471,169823,51075,8.2,10.3,29.1,38.8,21.8,17.8,2.75E-05
293,6342,65960,5.4,8.1,31.5,37.6,22.7,10.3,7.60E-07
392,11296,48496,7.1,13,32.1,30.5,24.5,14.4,4.78E-06
1122,25560,87691,7.9,3.2,20.2,26.8,49.8,7.2,4.18E-06
107,6938,37004,7,16.9,30.5,30.4,22.1,25.4,8.45E-07
23,748,50524,6.7,6.2,25.8,32.4,35.7,13.7,7.45E-07
478,8105,77209,10.9,3.2,15.3,22.1,59.4,9.9,2.43E-06
75,2260,42808,3.4,13,29.1,38.4,19.5,14.6,1.59E-06
1534,30631,86570,9.8,7.1,18,22.6,52.4,6.4,1.94E-05
657,25529,70599,7.5,2.8,23.2,36.3,37.7,7.9,1.77E-05
102,4875,53263,3.1,8.1,34.5,42,15.4,11.8,7.47E-07
10421,333983,78160,7,11.9,27.3,33.2,27.5,8.4,3.24E-05
324,10047,52841,2.8,11.4,34.4,32.4,21.8,12.8,1.64E-06
18760,570412,55745,7.2,10.5,33.2,32.2,24,11.3,0.00029496
33828,976802,56708,7,8.7,28,31.6,31.7,11.4,0.001377705
30204,744552,51817,9,15,34.7,30.1,20.2,14,0.00015996
2446,74815,41986,7.9,18.2,41.2,28.3,12.3,22.4,3.97E-05
9320,278715,90839,5.3,5.2,21.4,28.7,44.7,6.4,0.000179141
11747,337186,57292,7.8,13.7,33.2,31.5,21.6,10.5,0.000227727
6961,189139,66139,5.2,8.7,26.8,36.8,27.7,9.8,7.21E-05
13778,443465,66258,6.8,6.9,28.9,28.8,35.4,7.8,0.000307474
15606,474171,69954,7.2,5.7,21.1,33.6,39.6,9.3,0.000591719
4178,139018,63464,7.9,7.9,30.4,30,31.8,8.9,9.63E-05
1304,44851,49453,5.6,17.7,38.9,27.9,15.5,17.1,2.51E-05
753,21600,42987,6.2,21.2,43.8,26.6,8.3,19.9,7.99E-06
376,15182,50893,4.7,23.5,37.4,29.9,9.2,19.9,2.41E-05
20418,561497,53554,7.6,9.5,31.8,35,23.7,13.1,0.000196864
1306,34319,58640,4.5,12.3,36.2,33.2,18.3,12,2.19E-05
2845,76648,62600,5.9,10.9,28.5,32.1,28.5,10.8,2.85E-05
748,25932,42518,5.8,18.7,40.1,28.6,12.5,20.1,1.71E-05
42,4002,40408,3.9,25.8,41.9,22.5,9.7,21.6,3.68E-06
1325,65765,71628,5,11.7,37.5,30.8,20,9.1,5.30E-05
359,19335,40962,6.9,21.6,40.9,25.9,11.6,20.6,2.13E-05
279,22507,38529,7.1,21.4,40.8,24.7,13,20.9,1.28E-05
169,10638,41425,5.1,23.8,38.9,21.6,15.8,24.1,2.25E-05
821,26521,47980,4.7,13.4,33.5,31.3,21.8,12.1,2.65E-05
2785,115821,94563,5.4,4.7,20.9,28.2,46.2,5.4,0.000230068
3122,98604,50520,6.3,17.6,34.3,27.2,20.9,16.4,7.47E-05
8313,250847,113332,4.6,7,15.6,24.3,53.1,4.5,0.000431316
669,23504,47691,5.9,17.7,39.4,27,15.9,17.3,3.47E-05
29999,1077402,79235,8,7.4,17.7,22,52.9,13.8,0.00078974
847,31978,57007,4.7,18.3,35.4,25.9,20.4,14.6,2.90E-05
55,2984,49350,4.1,21.8,40.9,25.7,11.6,16.9,8.02E-06
1872,85568,58017,6.8,11.9,26.7,31.5,29.9,15.4,7.87E-05
2367,58780,53373,5.5,22.1,34.9,28.3,14.7,12.3,6.38E-05
456,24491,42603,4.4,19.9,39.2,27,13.9,21.7,2.08E-05
539,18837,60973,5.9,14.7,33.4,25.1,26.9,15,1.88E-05
33768,942627,72225,6.3,12.3,22.3,28.4,36.9,9.2,0.000845309
1041,46047,51296,5.4,20.4,34.7,25.6,19.3,15.2,6.42E-05
7248,206591,66698,4.7,20.9,27.7,26.9,24.5,13.5,0.000202973
192,8494,31715,8.8,25.8,43.1,22.4,8.6,31.2,6.96E-06
472,30383,49020,5.9,18.8,36.1,30.4,14.8,14.4,4.16E-05
855,36080,74052,4.6,7.8,23.7,37.1,31.4,6.5,3.00E-05
548,26406,50647,5.4,18.5,36.9,28.9,15.7,14.6,4.39E-05
211,11973,48984,6.5,20.3,45.1,25.8,8.7,16.7,1.56E-05
7800,239139,72927,7.4,8.8,31.7,31.1,28.5,8.1,0.000289761
3806,160110,65641,5.2,8.4,27,36.2,28.3,11,0.000164387
123,9387,42317,5.5,18.5,40.2,26.1,15.1,20.5,1.02E-05
3307,76199,66645,4.4,15.9,32.1,29.2,22.7,10.3,8.66E-05
271,14483,59207,4.9,17.2,38.1,30.4,14.2,12.4,1.52E-05
322,15213,40603,5.1,20.7,38.7,30.3,10.3,21.2,1.77E-05
432,15267,35379,6.7,23.6,41.8,24.7,9.9,25.1,1.12E-05
197,8746,32808,6.3,20.7,44.8,26.6,7.9,29,9.72E-06
234,9667,37771,4.9,24.9,45.9,20.1,9.1,24.2,1.23E-05
522,28787,56819,4.6,10.9,39.2,30.3,19.6,12.8,2.82E-05
530,19261,57402,6.3,13,39.4,31.8,15.8,14.8,4.05E-05
92,10737,42667,5.2,20,37.9,25.6,16.5,18.5,2.11E-05
982,47512,42018,6.7,14.1,43.1,26.5,16.2,23.9,2.27E-05
477,30234,72425,4.6,9.1,29.8,35.7,25.4,9.3,3.28E-05
1602,63004,51410,6.2,9.3,31.6,40.9,18.3,14.5,4.71E-05
174,8031,45299,5.4,17.9,39.7,26.6,15.9,17.3,1.47E-05
233,20171,52051,4.4,12.3,34.7,35.5,17.4,14.2,1.95E-05
1637,118268,46450,6,13.4,31.4,29.9,25.3,20.4,9.18E-05
866,34186,57078,4.8,15.2,30.4,28,26.4,14.5,4.67E-05
675,21162,44473,7.8,16.6,41.6,27.7,14,18,3.17E-05
238,14387,46682,5.7,14.8,37.4,30.2,17.6,18.7,1.29E-05
244,12712,34634,6.7,26.4,34.8,30.1,8.8,29.4,1.23E-05
1112,30457,52326,5.2,16.8,39.8,24.9,18.5,15.6,4.17E-05
138,8516,41190,5.1,22.2,35.5,28.9,13.4,21.1,8.98E-06
656,21164,43571,8.6,20.3,39.8,29.5,10.4,22.2,1.63E-05
237,5622,41769,4,17.4,36.5,32.1,14,21.3,7.69E-06
387,21602,37383,6.5,22.8,39.5,28,9.7,30.7,1.63E-05
575,28042,70488,5.1,14.3,33.3,25.6,26.8,10.6,2.73E-05
180,9012,43657,5.4,18.3,38.1,27.7,16,19.4,1.44E-05
387,19636,67089,5.4,12.3,36,30.9,20.7,11.1,2.18E-05
1460,40032,50061,7.6,29.3,37.4,23.2,10.1,14.5,4.49E-05
5317,196442,47035,7.8,12,27.4,34.9,25.8,18.4,0.000350433
2737,113295,58222,7.1,13.4,33.8,33.1,19.8,11.2,0.000159794
1287,41124,100878,3.8,5.5,19.3,22.9,52.3,5.6,8.61E-05
439,15383,54346,4.8,20.3,38.9,23.8,17.1,12.8,1.35E-05
4610,173359,76580,5.4,10.6,32.9,33.8,22.6,6.8,0.000214333
625,27950,49815,6.2,17,29.8,32.6,20.5,19.8,7.18E-05
969,33127,66183,4.8,14.7,31.5,30.7,23.1,10.3,5.51E-05
365,19522,46701,4.5,16.6,42.8,28.1,12.6,16.4,2.21E-05
409,19121,74905,5,11.8,41.8,29.3,17.1,8.7,3.42E-05
1334,42840,47896,6,21.2,37.9,27.2,13.7,16.2,5.33E-05
168,11191,42274,4.5,18.9,36.8,31.1,13.2,20.7,1.73E-05
612,22520,62282,6.6,12.4,37.6,26.6,23.4,15.1,2.52E-05
31,2271,35522,6.5,35.3,35.4,22.2,7.1,22.8,5.80E-06
485,17273,46639,5.3,15.2,33.1,27.5,24.2,13,1.80E-05
108,6682,33505,5.9,25.5,35.8,28.5,10.3,25.3,6.02E-06
7018,202079,44810,7.6,15.9,31.4,31.4,21.4,21.7,0.000240577
2348,90939,60281,7.6,11.2,31.5,31,26.3,12.1,0.00027048
56,5196,51129,4.3,12.4,34.8,39.4,13.3,15.9,1.20E-05
281,14012,42331,8.2,16.5,41.5,26.6,15.4,24.1,8.38E-06
186,8060,38618,5,14,38.3,31.5,16.2,22.6,1.31E-05
1444,67414,49237,7.6,18.1,39.8,24.3,17.8,17.7,0.00013281
773,26107,45416,6.4,17.9,38.6,22.4,21,15,5.63E-05
180,6689,34566,5.7,31.9,36.4,19.5,12.2,34.7,5.63E-06
471,29282,40250,7.4,18.6,34.7,28.5,18.3,26.7,2.34E-05
138,6143,41045,6.9,17.7,45.5,24.7,12.1,19.6,6.06E-06
52,1562,37046,7.2,29,46.2,16.8,8.1,22.5,3.10E-06
540,25365,41457,4.3,24.2,38.1,24.5,13.2,26.5,2.04E-05
154,8074,28234,6.7,21.5,37.5,28.3,12.6,22.9,8.28E-06
141,15781,36264,9.9,29.7,47.2,14.4,8.6,27.7,1.39E-05
116,8523,37122,7.5,22.5,32.3,33.9,11.2,28.2,9.80E-06
1181,44372,47978,6.2,15.1,31.5,28.6,24.7,18,3.15E-05
501,40719,47764,5.1,18.1,34.7,29.1,18.1,21.5,6.03E-05
768,26973,41442,6.6,19.9,37.5,26.4,16.2,19.2,2.86E-05
355,12247,49023,6.7,10.1,29.9,30,30.1,12.7,2.84E-05
221,6822,37478,6,26.3,40.8,20.5,12.4,31.6,1.32E-05
1876,70214,47296,7.3,16.6,35.1,29.3,19,19.2,6.55E-05
127,7882,35400,7.2,18.8,38,31.5,11.7,28,1.07E-05
139,8103,44079,7.4,25.8,38.5,23.9,11.8,19,8.71E-06
621,25358,57049,4.4,11,34,32.5,22.5,11.6,3.04E-05
600,26527,40926,6.6,17.7,38.4,30.5,13.4,19.1,3.17E-05
2635,70116,47548,4.9,18,35.2,30.1,16.6,14.7,6.06E-05
3337,96875,67007,5.4,13.1,36,29.1,21.7,10.8,0.000114458
815,35826,37642,5.6,18.6,39.2,27,15.2,26.3,1.54E-05
152,5232,37313,6.8,26.8,39.8,21.1,12.3,26.5,7.10E-06
427,20150,41674,6.4,18.7,44.7,24.3,12.3,21.4,1.15E-05
910,30023,47382,5.6,16.6,42,28.5,13,18.4,1.81E-05
40,2595,41547,5.7,20.7,40.7,23.9,14.7,18.4,4.79E-06
59,7751,35927,7.2,19.2,50.5,16.8,13.6,34.2,1.01E-05
905,31094,54786,4.4,14.8,30.9,31.5,22.7,10.9,4.99E-05
3865,103837,53115,7.3,30.5,29.4,24.3,15.7,12.7,0.000138039
98,8502,38261,5.7,17.9,45.6,24.4,12.2,29.4,8.69E-06
212,9694,39716,6.7,16.3,44,25.9,13.8,19.6,7.97E-06
186,8812,43902,5.4,15.6,50.3,23.3,10.9,17,7.57E-06
310,19972,43142,5.4,17.1,42.7,29.2,11,20.3,1.35E-05
414,15467,47114,8.7,15.1,34.7,35.3,14.9,18.4,1.60E-05
1372,33647,57619,6.8,11.2,33.8,36.8,18.2,12,1.79E-05
1580,35414,54422,6.7,10.1,44.7,30.4,14.8,13,1.31E-05
1069,28383,53806,6.7,11.3,35.3,33.5,19.9,12.8,1.77E-05
754,29295,49048,7.1,6.4,31.2,30.1,32.2,23.3,1.92E-05
8800,305888,89379,8.3,6.9,26.5,32.2,34.4,5.4,0.000195728
6024,171256,69230,6.8,4.1,24.6,26.5,44.8,14.3,5.59E-05
2535,103015,52259,9.9,9.6,35.4,32.9,22.1,16.7,6.85E-05
1370,44567,54174,6.9,8.7,39.8,33.1,18.4,13.5,1.99E-05
9092,262635,66591,7.7,7.5,29.8,35.8,26.8,10.9,0.000141616
886,37045,52291,9.3,11,35.2,38.6,15.2,15,2.50E-05
443,11309,63628,7.4,7.1,39.4,34.6,18.9,9,1.13E-05
440,13173,51967,8,10.8,42.8,30.4,16,12.1,9.43E-06
433,13636,54159,10,13.2,33.6,39.3,13.9,15.9,2.22E-05
477,12068,77306,6.4,5.9,35.8,34.3,24,8.2,1.48E-05
345,15225,62241,8,8.1,39.6,35,17.4,8.1,1.05E-05
1205,34739,90904,5.6,4,27.6,33.3,35,4.2,3.48E-05
1516,28045,51665,8.7,12.3,39.3,31.7,16.7,16,1.54E-05
821,33400,55937,6.9,9.1,40.2,31.4,19.3,13.8,2.27E-05
331,14347,65472,5,15.3,33.4,32.7,18.6,8.6,1.65E-05
1867,50306,63565,8.1,9.8,33.4,35.4,21.4,9.4,2.56E-05
9261,177652,57717,10.4,9.1,27.6,32.7,30.6,14.8,0.000110869
954,20664,56880,9.4,16.7,36.6,34.2,12.5,14.4,1.81E-05
401,16355,72265,5.4,6.1,33.9,31.4,28.6,6.5,1.44E-05
385,15239,54309,6,11.3,38.7,32.2,17.8,14.4,7.08E-06
116,4142,46478,7.9,14,36,36.9,13.1,16.9,4.34E-06
123,5201,38506,11.7,11.2,36.3,40,12.5,22,1.01E-05
145,5716,74367,8.3,7.3,38.1,38,16.6,7.6,1.38E-05
791,31351,58444,7.1,15.7,37.3,33.7,13.3,12.7,2.10E-05
419,15507,49775,6.8,10.9,29.9,38.2,21,13.1,1.66E-05
3588,140907,57772,9.4,11.4,29.5,35.6,23.5,13.6,0.000127292
8490,258046,57726,9,8.9,28.1,34.9,28,13.3,0.000151479
783,23182,48547,9.7,13.3,27.5,40,19.2,15.7,2.36E-05
5084,193882,61768,8.2,7.5,27.2,30.8,34.5,12.2,8.62E-05
184,6738,56015,6.2,10.6,35.6,33.4,20.4,11.3,5.95E-06
149,4950,61231,6.6,6.5,47.7,29.9,15.8,11.2,7.62E-06
478,21299,61376,6.4,7.7,44.4,31,16.8,9.4,1.08E-05
178,5262,54804,7.3,8.7,41.6,32.6,17,11.2,7.05E-06
1384,43831,51786,7.3,7.5,35,38,19.6,11.5,3.00E-05
6109,130777,66206,8.1,7.3,31.7,34.7,26.3,8.2,7.81E-05
542,16498,51575,8.1,11.6,35.4,31.2,21.7,17.2,1.54E-05
2838,74855,46295,8.8,11.5,41.2,32.5,14.7,16.8,3.22E-05
294,11190,54249,8.3,9.4,30.7,41.7,18.2,13.5,1.94E-05
275,16696,53621,6.2,13.3,32,31.9,22.8,11.4,1.19E-05
410,13764,64297,5.3,7.8,33.4,37.9,20.9,8.1,9.45E-06
417,16031,51829,8.3,12.1,34.9,37.7,15.4,13.1,8.67E-06
558,13364,51388,7.6,10.1,37.4,37.1,15.5,14.5,1.04E-05
2231,54656,50880,8,9.4,37.7,34.6,18.2,11.4,3.08E-05
21541,688726,90249,9.5,9,26.9,29.8,34.3,6.5,0.000318129
2004,66415,56958,8.7,7.7,31.1,36.9,24.3,13.4,6.10E-05
8176,281295,59510,11.4,12.3,31.7,33.1,22.9,16.1,0.000211622
1818,38091,77117,6.1,5.2,31.3,30.3,33.2,6.1,2.79E-05
263,10079,56735,4.2,11.9,42.7,31.6,13.7,10.9,1.16E-05
1022,35328,53658,8.2,13.9,42,31.1,13,13,3.65E-05
3651,148219,53113,5.5,7.3,22.2,24.8,45.7,20.8,0.000145056
1326,38365,54366,5.2,10.2,41.3,30.3,18.2,12.1,2.94E-05
2154,70707,63414,5.4,11.9,39.3,31.6,17.3,8.9,6.76E-05
226,13907,61457,6.9,14.3,42.8,31.1,11.9,9.5,1.34E-05
1446,47832,60980,8.4,16.4,42,27.9,13.7,7.8,4.50E-05
162,5892,58294,7.4,12.4,43.1,29.8,14.7,9.6,2.64E-05
559,19651,47931,11.1,16.8,46.6,25.7,10.9,14.1,1.90E-05
602,20833,53387,6.3,14.6,44.4,27.9,13.1,12,2.09E-05
278,16871,51554,5.5,13.8,40.5,33.7,12,15.1,1.46E-05
609,19154,53908,6.5,9.7,44.7,29.5,16.1,12.1,1.94E-05
375,12378,52378,5.9,13.2,41.7,30.9,14.1,9.4,1.43E-05
5457,170980,74064,8.1,6.4,35,30.1,28.4,8.1,0.000157906
766,25275,68435,4.9,6.6,38.2,33.3,21.9,8.6,2.38E-05
297,12388,52432,6.1,11.5,46.1,29.7,12.8,11.2,1.10E-05
1071,37469,64098,6.2,11.1,42.4,29.7,16.8,10.5,3.01E-05
530,24191,50496,6.6,12.5,43.4,29.7,14.3,13.3,2.06E-05
858,28448,61219,6.4,10.7,43.6,27.6,18,9.1,2.46E-05
504,16649,54371,6.3,12.6,46.4,27,13.9,11,1.58E-05
10565,271484,53881,8.4,11.5,30.7,28.2,29.6,15.3,0.000228923
707,23788,50571,8.4,16.8,43.5,27.7,12,13.6,4.82E-05
1587,44871,59798,7.1,12.7,42.4,26.2,18.7,10.1,4.21E-05
777,20225,59183,5.6,9.5,46,29.2,15.2,8.7,1.97E-05
550,23049,54001,8,15.1,42.1,30.9,11.9,13.3,2.88E-05
1106,34831,59444,6.2,8.9,39.6,29.8,21.8,8.6,4.36E-05
408,20578,53375,7,11.3,44.2,32.4,12.1,14.4,1.78E-05
269,10724,52482,8.1,16.1,46.4,26.6,10.9,14.5,1.88E-05
7028,196115,51228,6.3,8.4,25.4,27.5,38.7,16.1,0.000151773
515,15227,69960,6.1,10.7,40.8,23.8,24.7,7.8,2.26E-05
195,7119,53866,5.5,12.6,43.4,25.6,18.5,9.6,1.71E-05
6410,182447,51603,7.2,9.9,32.5,30.6,27,14.4,0.000301463
399,15329,50723,7.5,9,43.4,33.4,14.2,12.2,2.30E-05
2959,106608,48082,7.9,11.6,32,31.2,25.1,20.8,0.000101999
885,30784,59874,6.1,11.2,42.6,28,18.1,10.9,2.88E-05
260,8194,64109,5.4,8,41.8,30.8,19.4,9.4,8.68E-06
2422,63269,79644,5.4,6.8,31.3,31.7,30.3,6.3,6.35E-05
924,28213,51948,6.9,15,43.1,28.5,13.4,12.1,2.12E-05
1676,65778,47885,6.8,13.5,37.3,30.9,18.2,15.2,6.32E-05
963,28142,61636,5.7,7.8,40.2,33.8,18.2,7.4,2.95E-05
762,24165,58295,5,11.2,41.6,30.8,16.4,10.3,1.85E-05
1399,34378,67347,5.9,8.2,39.2,31.9,20.7,7.7,3.96E-05
289,18347,51741,5.7,6.8,28,33.7,31.5,14.2,1.63E-05
3173,153740,67295,4.8,5.1,16.3,25.9,52.8,16,9.68E-05
366,20617,63399,5.7,7.7,39.6,33.3,19.5,9.5,1.38E-05
160,10085,54937,4.9,7.1,40.4,34.2,18.3,11.4,6.72E-06
586,14680,59568,3.8,6.1,37.4,39,17.5,10.3,5.83E-06
838,33480,51089,6.5,7,40.8,35.7,16.4,15,2.50E-05
3974,227854,64783,6.4,5.5,27,34.3,33.1,11.1,0.000122683
207,11011,60544,5,15.9,37.7,31.5,14.9,9.2,1.06E-05
185,8518,53085,3.6,7.9,41.3,33.8,17,14.9,7.64E-06
309,11756,66139,2.5,9.4,37.1,32.8,20.7,7.4,7.72E-06
597,16521,72578,5.7,5.8,36.6,33.2,24.5,6.9,1.14E-05
527,22370,59242,4.8,7.8,39.6,30.6,22,10.8,1.51E-05
871,33168,66381,4.2,6.7,34.1,30.4,28.8,8.2,2.31E-05
767,39495,55631,7.1,16.2,34.2,30.8,18.8,13,2.66E-05
321,14766,72679,3.9,7.2,34.1,34.6,24.1,8.8,1.30E-05
207,10647,61247,3.4,8.2,38.4,34.3,19,9.3,8.76E-06
275,8598,53104,4.8,7.7,38.3,38.7,15.3,12.3,4.78E-06
280,7770,56397,5.2,12.3,39.1,31.3,17.4,10.7,6.92E-06
253,9935,52715,4.7,9.6,35.2,36.8,18.5,13.2,9.04E-06
1115,42394,61767,6,11,35.3,32.2,21.5,10.1,3.74E-05
394,13679,60298,3.4,7.9,39.9,33.5,18.8,10.1,9.22E-06
162,5987,60702,2.9,11.6,36.6,34,17.9,9.3,5.80E-06
545,15073,52179,5,8.5,36.5,34.8,20.2,14.9,1.09E-05
300,8845,55074,4.6,7.3,29.2,38,25.5,11.1,6.06E-06
631,25219,69165,3.6,6.9,33.9,36.1,23.2,7.2,1.13E-05
128,6607,56146,3.5,7.8,39.4,37.8,15,10.1,4.42E-06
15327,494281,67331,6,8.5,24.5,30.3,36.7,10.1,0.000333517
2652,93328,60322,5.2,10.5,32.7,35.3,21.5,11,3.79E-05
329,18381,57741,4.9,6.1,37.9,29.9,26.1,11.6,1.21E-05
175,4801,50890,3.9,7.3,36.9,34.5,21.4,15.1,3.46E-06
252,9603,59392,3.5,7.2,36.9,35.9,20,9.5,6.45E-06
5410,173216,65724,6.8,7.2,29.6,31.4,31.8,11.8,0.000145997
346,11430,60498,3.6,7.6,35.3,34.9,22.2,8.7,7.47E-06
746,35043,71566,2.7,9.8,30.2,31,29.1,7,1.76E-05
2457,98237,64151,3.6,2.8,17.4,28.1,51.6,15.8,6.62E-05
326,16801,56281,5.1,8.7,40,35.5,15.8,13.1,9.00E-06
107,6092,51510,3.7,9.8,38.5,37.2,14.5,12.5,4.42E-06
224,12157,52914,5.9,9.7,35.5,36.7,18,12.1,1.11E-05
101,7069,50425,4.6,10.8,38.9,35.8,14.4,12.8,5.63E-06
1125,34985,50533,6,11.9,34.9,34.4,18.8,14.2,3.13E-05
1866,52265,79557,4.6,4.6,30.8,32.7,31.9,7.3,3.54E-05
626,21992,63230,4.1,8.6,39.3,30.3,21.8,9.1,1.49E-05
144,6415,49962,4.5,12.1,44.4,30.9,12.7,19.1,4.71E-06
648,35934,53344,5.2,9.5,33.9,36.7,19.9,12.1,1.94E-05
294,10277,50258,6.4,7.6,34.1,36.6,21.8,10.2,9.91E-06
574,19862,65482,4.9,4.8,33,31.6,30.6,8.6,1.11E-05
2733,103138,58419,5.3,12.9,32.2,31.8,23.1,12.8,4.56E-05
204,7359,60139,5.4,6.7,36.4,39.4,17.5,9.8,7.10E-06
289,12416,54251,4,7.6,36.9,38.2,17.2,11,8.26E-06
17,1518,60315,2.9,5.7,31.9,39.4,23.1,10.3,8.17E-07
2070,82246,75840,5.8,7.8,28.3,32.4,31.5,8.3,6.85E-05
46,2986,47557,2.9,6.7,31.1,39.4,22.8,12.1,1.60E-06
276,9654,62876,7,10.3,38.9,34.7,16.2,12,6.27E-06
19,2732,53538,2.5,9,28.1,46.3,16.6,10,9.83E-07
857,33045,49840,4.8,11.7,29.3,31.5,27.5,15.1,1.51E-05
871,28448,65834,3.5,8.7,27.9,35.4,28,7.2,1.22E-05
394,11652,51771,4.1,8.4,30.3,36.2,25,10.7,4.76E-06
229,9652,55858,3.1,7.8,42.2,31.1,18.9,9.4,4.14E-06
113,4029,64640,2.8,19.3,26.4,34,20.3,9.7,1.59E-06
861,34334,74428,5,4,31.8,34.4,29.8,6.8,2.30E-05
164,5879,51979,2.7,5.2,30.4,38.4,26.1,11.1,3.23E-06
1133,31502,44240,7.3,11.2,29.2,40.1,19.5,15.7,1.89E-05
177,5559,54775,3.9,8.8,36.1,33.7,21.4,10.5,3.09E-06
54,2538,56175,3,16,28,38.7,17.3,11.7,1.34E-06
156,10121,63373,3,5.8,39.8,29,25.4,8.8,5.45E-06
571,15929,49533,6.4,9.2,32.5,40.1,18.1,15.7,1.08E-05
48,2768,54727,3.4,9.1,31.1,40.4,19.4,10.6,9.94E-07
21,5328,49739,2.7,10.9,34.7,35.6,18.8,11.6,2.34E-06
396,15770,55655,5.1,9.2,39.1,32.4,19.2,14.2,8.63E-06
102,3439,46351,2.9,6.1,34.6,35.7,23.6,13.5,1.49E-06
130,5712,58729,4.3,5.1,35.4,35.1,24.5,9.9,3.06E-06
154,6366,65141,3.8,9.4,33.1,38,19.6,14,3.26E-06
128,5181,51546,3.4,7.6,36.6,34,21.8,11,2.26E-06
735,24722,73685,4.3,5.8,29.1,31.4,33.8,7.2,1.14E-05
128,9127,53980,3.6,7.9,24.9,36.9,30.3,11.2,4.79E-06
49,2511,50768,2.5,4.2,29.8,41.9,24.1,14.2,9.07E-07
1449,61793,53371,5.5,11.5,27.7,39.9,20.9,13.4,1.90E-05
98,4536,47082,3.3,4.1,34.5,35.9,25.5,12.2,2.44E-06
254,9362,56350,4.2,8.4,29.3,39.5,22.8,11.8,4.98E-06
1231,73202,51996,5,4.2,19.1,31.1,45.6,20.9,4.64E-05
123,4827,49485,4,11.3,30.4,35.2,23.1,10.5,2.09E-06
88,2947,53189,4.6,7.9,29.8,38.6,23.7,12.2,1.59E-06
131,6804,46112,4.2,11.9,27.2,37.7,23.1,14.4,2.96E-06
1664,53926,56741,5.5,8.5,30.1,34.1,27.3,12.3,2.89E-05
70,4790,62914,2.5,15.6,27,32.4,25.1,7.9,2.58E-06
15524,519907,60014,8.7,10.4,26.3,32.4,30.9,12.6,0.000201244
307,21038,55727,4.4,33.7,28.7,26.6,11,14.2,1.27E-05
5451,175999,59451,5.9,7.8,31.4,29.9,30.9,9.8,0.000124912
44,2520,54627,2.3,3.9,34.1,40,22,11.8,1.09E-06
88,5777,54000,3.4,7.7,30.3,40.3,21.8,12.5,2.11E-06
54,3544,45915,2.7,7,35.9,34.8,22.3,11.6,1.53E-06
59,4046,51007,3.7,9.3,29.3,36.1,25.2,13.7,1.97E-06
23,1969,63401,2.4,21.5,29.6,30,19,10.6,1.12E-06
71,5388,61264,2.9,21.8,25.8,38.7,13.7,9.7,2.86E-06
765,22578,53618,8.1,7.7,34.9,34.1,23.3,11.4,7.38E-06
162,7702,58652,2.9,6.7,26.4,44.3,22.6,9.1,2.77E-06
111,2758,52597,3.5,6.8,31.1,37.3,24.8,10.8,1.20E-06
227,6906,66168,4.2,4.6,34.9,36.3,24.2,6.9,3.36E-06
17,1536,54714,2.2,5.3,25.8,36.4,32.4,12.1,6.49E-07
93,5427,46263,2.5,8.4,40.7,30.5,20.3,9.5,2.34E-06
34,2074,54009,2.1,13.4,27.5,38.5,20.6,11,1.11E-06
321,8362,46243,7.8,11.5,33.9,38.1,16.5,13.3,5.66E-06
98,3015,43751,5.9,9.3,35.2,38.3,17.2,14.3,2.34E-06
4341,165265,47292,7.8,21.1,32.1,28.6,18.1,20.6,0.000420795
1770,44740,53199,6.1,13.1,36,32.7,18.2,16.3,3.96E-05
514,16067,51806,5.7,14.9,41.2,30.8,13.1,14.7,2.17E-05
145,4364,52331,5.5,19.9,41.7,22.6,15.8,16.9,6.95E-06
1788,44662,48769,7.4,13.3,40.4,29.8,16.5,18.1,3.18E-05
457,13340,34940,8.7,25.4,42.7,18.1,13.8,27.8,1.49E-05
28597,767452,59025,6.8,9.4,26.7,30.5,33.4,14.2,0.000778372
1936,54057,62533,5.6,12.7,30.5,27.3,29.5,11,0.00012123
803,22002,31202,8.7,19.4,36.3,28,16.3,25.8,3.24E-05
7401,167949,68692,5.8,10.1,28.7,29.5,31.7,11.2,0.000404574
400,14512,32613,8.5,24.9,33.7,26.5,14.9,30.5,1.59E-05
1582,31022,31634,8.2,26.5,38,21.3,14.2,31.5,3.10E-05
493,14431,49785,7.2,16,39.2,32.4,12.4,15.4,2.13E-05
2953,61238,44033,6.9,18.9,39.1,27.5,14.4,21.4,5.45E-05
662,15436,38055,8.3,24.9,42.5,22.8,9.8,23.4,1.43E-05
228,7268,30905,7,31.9,36.3,23.5,8.3,34.9,1.34E-05
437,9637,32202,10.8,28.7,41.9,20.8,8.7,32.3,9.28E-06
867,21213,32435,10.2,24.3,37,26.5,12.1,28.9,2.42E-05
505,13262,37410,9.5,24.2,42.8,24,9.1,23.2,1.06E-05
843,24466,43220,7.9,20.1,42.7,24.2,13,19.7,2.84E-05
349,9041,50521,7.5,16.2,43.6,28.3,11.8,12.2,1.11E-05
1132,27416,48902,5.5,15.1,44.5,24.1,16.4,15.3,1.92E-05
1263,8133,52978,5.3,12.2,41.1,29.8,16.9,14.5,1.47E-05
2222,65644,48219,7.2,9.5,31.4,34.9,24.2,15.5,0.000101893
883,17071,32701,7.3,23.4,40.9,28.4,7.2,34.5,1.54E-05
328,9075,51184,5.6,12.7,41.2,32.6,13.5,14,1.39E-05
3552,94265,50316,6,12.5,28.1,28.7,30.8,17.7,8.32E-05
243,12017,32045,16.1,30.3,36.4,23.8,9.5,29.4,1.50E-05
769,19314,48062,7.8,18.5,45.3,23.5,12.6,16.8,2.17E-05
1191,31163,57945,6.1,11.3,38.2,31.2,19.2,11.8,3.99E-05
368,11031,34291,11.6,25.6,39,23.7,11.7,34.4,1.85E-05
735,17035,47861,8,13.7,34.7,32.1,19.5,15.7,2.74E-05
877,28616,54946,7.1,11.3,35.5,33.8,19.4,11.4,3.62E-05
248,6502,37457,8.9,22.6,44.7,21.5,11.2,26.1,1.23E-05
1168,21889,55267,7.3,15.6,36.8,29.1,18.5,13.8,3.39E-05
434,10058,38978,7.8,24.4,38.6,24,13,22.6,1.34E-05
382,10549,36512,5.4,25.2,39.3,21.1,14.4,21.7,1.24E-05
1231,28186,52903,8,15.2,40.3,28.9,15.7,15.8,5.51E-05
1719,13142,37433,6.9,23.7,41.4,22.4,12.5,26.5,1.33E-05
997,30457,45049,8.7,17.9,44.8,24.8,12.6,18.8,2.52E-05
2031,46450,64795,6.9,10.2,37.2,34.5,18,10.5,4.30E-05
286,7234,38084,6.8,24.2,42.1,24.8,8.9,17.3,1.43E-05
963,23899,47542,7.2,16.7,43,26.7,13.6,15.6,1.57E-05
3765,66999,101152,4.8,6.2,20.7,30.8,42.4,4.9,0.000138157
232,11017,51494,6.4,20.7,46.4,21.9,10.9,15.7,1.21E-05
186,4331,28727,7.4,31.2,36.8,15.8,16.2,35.5,8.47E-06
409,14586,58962,5.2,16.2,43.8,26.8,13.2,12.4,2.03E-05
1083,25456,38000,8.9,23.1,33,29.5,14.4,24.2,2.89E-05
2578,57057,36875,8.4,23,39.4,24.5,13,24,2.80E-05
541,12218,41760,7.3,19.7,40,24.4,15.9,21.5,2.64E-05
2550,65530,43568,7.3,17.2,35.7,30.7,16.5,22.5,3.84E-05
83,2136,47017,6.1,15.3,38.3,30.1,16.3,22,8.25E-06
650,16750,40790,7.1,21.6,43.4,23.6,11.4,21,2.04E-05
991,24682,44068,7.5,15.8,33.4,25.7,25.1,23.3,3.41E-05
716,17998,44056,8.2,21.5,38,25.9,14.7,22.6,2.74E-05
2415,58470,74719,6.3,9,30.3,32.3,28.4,8.6,8.01E-05
1617,49611,71737,5.5,13.5,30.3,31.3,24.9,9.4,5.04E-05
887,18635,52931,7.2,13,44.9,27.9,14.2,12.5,3.07E-05
598,19585,79863,5.8,9.6,36.3,33.8,20.3,7.3,4.05E-05
1314,25707,48485,6,12.9,39.2,28.3,19.6,16.4,3.73E-05
431,12448,47742,4.8,22.5,40.5,23.7,13.2,17.1,1.28E-05
612,14776,49955,6.9,12,33.2,38.3,16.6,14.6,1.29E-05
304,8481,58998,6.8,17.2,46.3,22.4,14.1,11.9,2.16E-05
377,14443,49870,6.3,10,47.8,31.1,11.1,17.3,1.63E-05
5707,134510,53238,6.6,11.9,26.6,29.3,32.2,15.4,9.59E-05
561,12147,51286,6.2,16,42.4,22.8,18.8,14.4,1.58E-05
838,20209,34449,6.5,25.4,38.7,23.6,12.3,23.8,1.70E-05
496,12923,49079,6.4,17.5,47,25.4,10,16.3,1.50E-05
2153,36451,38191,7.1,18.6,36.9,24.1,20.4,22.6,3.21E-05
212,7106,32773,7.7,28.2,37.4,25.7,8.7,30.1,1.23E-05
883,26765,67815,5,8.9,29.8,27.5,33.8,8.3,5.44E-05
1585,48330,40918,9.2,17.2,51,21.6,10.2,23.8,3.36E-05
10256,263446,71526,6.8,9.5,26.6,30.1,33.8,11.5,0.000120201
3572,136765,47860,9.5,16.4,37.2,26.5,20,21.7,6.67E-05
87,4178,31436,8.4,22.5,46.1,20,11.4,28.9,2.68E-06
3840,109859,51719,7.7,21,38.9,24.4,15.6,19,3.45E-05
537,22170,44617,7.1,14.3,44.8,23.6,17.2,19.4,9.76E-06
1806,59378,50193,7.4,22.1,41.3,22.4,14.2,17,1.95E-05
890,47894,51652,7.1,13.2,40.2,29,17.5,15.3,1.39E-05
1222,45773,35505,8.2,20.5,44.7,23.2,11.6,24.9,2.64E-05
1266,37943,38386,7.9,16.1,42,26.5,15.4,29.6,2.47E-05
1005,26792,65344,7.2,12.8,37.2,28,22,14.4,5.38E-05
260,10646,42614,10.1,21.2,45.7,21.4,11.7,21,1.14E-05
223,15465,65296,5.4,17.9,31.8,26.1,24.2,22.1,1.48E-05
310,13839,43166,7.1,18.2,45.8,22.1,13.9,23.4,5.62E-06
19019,586131,49780,8.8,14.8,29.1,24.2,31.9,20.4,0.00279577
539,24738,50047,10.8,10.1,35.6,34,20.3,12.3,1.76E-05
1339,65834,54913,8.3,5,30.9,31.1,32.9,11.8,1.41E-05
1014,29164,49869,9.2,7.9,34.5,34.6,23.1,13.9,2.27E-05
1316,43907,47705,9.1,9.8,36,31.5,22.7,19.9,3.05E-05
359,22608,49189,6.4,7.5,42.5,33.7,16.3,13.5,8.36E-06
3039,83441,69859,7.5,5.8,28.9,30.1,35.2,9.7,6.24E-05
929,15152,51317,9.1,10.5,41.9,33.6,14,10.9,1.04E-05
6945,150568,64341,8.9,8.6,35.2,35.7,20.5,10.2,0.000105825
2484,63476,52089,9.1,11.3,40.4,34.9,13.3,12.4,3.47E-05
257,9337,40126,13.1,13.1,42.9,30.3,13.7,14.4,6.59E-06
5067,173883,50730,11.4,8.7,34,37.5,19.7,13.5,0.000133237
2171,49348,51772,8.7,11.9,40.4,31.1,16.6,15.7,2.27E-05
49722,1253459,81257,9.3,5.9,18.6,28.3,47.2,7.8,0.000557944
995,26819,52319,10.3,12.8,36.3,31.4,19.5,14.8,1.92E-05
636,20923,41347,10.9,14.1,38.2,35.5,12.2,18.2,1.43E-05
148,5656,45531,10.3,7.5,43.4,32.6,16.5,13.3,1.67E-06
949,23466,47343,8.3,11.3,43.8,30.7,14.2,14.6,1.60E-05
279,8368,44594,11.9,16.6,37.4,35.4,10.6,15.4,5.71E-06
1184,24765,52392,10.3,8,33.1,35.4,23.6,10,1.86E-05
12151,294635,69827,6.8,7,28.2,30.7,34.1,7.8,0.000201874
437,12665,47339,11.1,10.4,38.2,33.5,17.9,10.8,7.42E-06
840,23986,42546,12.1,10.1,38.4,36.1,15.5,15.3,1.78E-05
7414,189868,48471,9.9,10.6,33.3,35.3,20.8,18.6,9.16E-05
10284,159293,60208,12,9.2,34,38.1,18.6,10.4,8.53E-05
2246,60848,54024,9.1,13,36.6,34.3,16.2,12.9,4.69E-05
2607,40747,49917,9.7,11.6,41.2,33,14.2,13.6,1.63E-05
126,8104,50256,9.7,9.4,44.1,30.9,15.6,14.3,2.67E-06
3052,67738,55633,9.2,7.8,37.3,37.9,17,10.9,4.93E-05
2746,52289,52342,10.1,10.7,42.4,33.5,13.5,11.6,2.51E-05
2674,75474,58733,8.3,12.9,31.3,34.1,21.7,13,4.79E-05
11670,366473,76728,6.4,4.7,14.6,24.7,55.9,13,0.000200427
69841,1740623,50753,13.8,13.5,30.1,32.5,23.9,19.8,0.001098147
1697,33743,53146,10.2,10.4,36.4,34.9,18.2,12.4,2.31E-05
293,8155,61007,5.1,9.8,36.3,33.2,20.7,8.5,4.47E-06
1104,34482,71067,4.8,6,25.2,35,33.8,9.9,2.97E-05
523,21400,57300,4.2,23.7,31.3,29.6,15.3,11,1.16E-05
124,6338,53961,6.3,8.1,36.9,36,19.1,10.4,2.80E-06
3715,159298,80631,5.4,5.4,19.9,29.8,44.9,6.7,9.41E-05
1400,58741,59901,5.4,7.9,29.5,37.6,24.9,11,1.15E-05
625,13874,55870,6.2,6.8,33.1,40.7,19.3,9.8,8.69E-06
735,29359,55684,8.6,9.6,40.7,34.9,14.9,11.6,8.03E-06
258,9121,55405,4,10.4,35.5,32.9,21.3,11.1,7.57E-06
570,30900,60582,5.6,8.1,30.6,35.9,25.3,10.8,6.05E-06
371,11277,59442,4.5,6,30.4,40.7,22.9,8.9,6.50E-06
12563,547903,68652,6.9,9.7,20.9,27.2,42.3,12.4,0.001389746
84,4046,58384,6.4,7.4,37.5,39,16.2,9.9,3.61E-06
389,15079,60097,5.5,9.1,37.4,34.4,19.1,9.7,6.63E-06
474,14403,59110,5.5,9.5,36.6,38.7,15.2,10,5.66E-06
2352,67084,72438,5.2,8.9,31.4,31.4,28.3,8.2,5.22E-05
235,9301,63451,3,6.7,33,36.5,23.8,8.7,7.44E-06
440,15117,62924,5.7,7.1,35.1,37.5,20.3,6,3.49E-06
4771,198538,60228,7.2,5.5,27.2,38,29.3,12.8,1.23E-05
5735,150689,108718,5.9,5.3,22.2,32.6,39.9,4.2,0.000163316
3584,98811,95323,6.1,5.4,28.5,39.5,26.6,5.5,8.81E-05
372,14715,66757,5.5,9.3,39.2,35.1,16.4,10.7,9.65E-06
4776,162038,66449,5.7,8.3,28,36.2,27.5,11.2,4.66E-05
1257,36596,68603,5.5,7.5,33.7,32.9,26,6.3,3.29E-05
200,9765,59045,3.3,6,31.4,32,30.5,11.9,6.69E-06
242,9176,60127,5.8,9.4,32.7,38.3,19.6,9.5,4.77E-06
518,24732,51746,5.3,13,36.7,35.2,15.1,11.8,1.01E-05
149,3218,57602,4.4,6.7,35.4,40.4,17.5,11.9,2.17E-06
518,21642,63435,5.3,6.6,33,36.7,23.7,8.4,1.60E-05
378,13807,50663,7.6,9.4,37.1,39.7,13.8,12.5,9.94E-06
589,18550,63907,6.2,7,36.4,35.2,21.4,8.9,1.69E-05
7504,265476,100857,5.6,3.9,21,30.8,44.3,4.6,0.000266646
257,10792,57290,4.6,15.5,41.3,27.7,15.5,10.1,9.58E-06
208,6161,69890,4.1,5.1,28.7,42.4,23.8,9.1,3.17E-06
891,50485,64219,4.9,6.5,27.2,36.2,30.1,11,3.11E-05
4660,140249,91374,5.5,5.1,29.4,36,29.6,5.2,8.19E-05
252,9580,61074,4.6,8.7,35.4,38.6,17.2,9.6,4.87E-06
845,20866,42962,7.9,14.8,30.9,37.9,16.4,20.3,1.39E-05
310,10236,32916,11,29.1,29.6,25.7,15.6,29.2,5.69E-06
1140,49789,41631,7.6,9.3,21.7,26.4,42.6,31.1,4.20E-05
1294,33848,40655,9.8,19.4,36.6,29.1,14.9,22.8,1.91E-05
1849,55876,45874,7.3,16.2,30.4,36.7,16.7,18.1,2.66E-05
369,11862,43106,8.7,17,40.4,31.8,10.7,19.9,7.08E-06
1028,38997,35044,8.9,16.8,35.9,30.7,16.6,26.2,3.68E-05
992,32461,48910,7.8,23.5,29.1,29.3,18.1,15.9,2.52E-05
651,25013,43465,7,19.9,34.5,33.3,12.4,15.7,2.33E-05
189,6760,29318,10.9,28.7,31.1,30,10.3,35,6.44E-06
4563,155975,67284,5.3,10.5,26.7,33.8,29,11.1,7.77E-05
993,28061,41532,5.8,26,37.5,25.1,11.4,19.7,1.78E-05
111,4160,31138,10.9,22.5,27.9,30,19.5,33.4,3.72E-06
871,26629,47664,6.8,20.3,30.1,33.4,16.2,17.8,1.75E-05
583,15779,46296,5.8,20.8,39.2,27.9,12.2,18.9,9.58E-06
606,18360,47187,7.5,17.8,35.9,30.6,15.8,18.5,1.59E-05
911,24740,32948,11.2,25.1,32.2,27.3,15.4,34,1.37E-05
531,13707,31915,7.4,30.5,28.8,30.5,10.3,37.9,8.20E-06
895,28539,50188,7.7,17,35.4,31.7,15.8,15.1,2.72E-05
842,21748,44696,7,20.1,36.2,28.5,15.2,16.2,1.83E-05
648,19275,43341,6.5,19.6,38.9,30.1,11.4,17,1.75E-05
285,9392,33993,14.9,16.5,33.4,33.2,16.9,28.1,7.98E-06
1214,28866,49320,7.1,21.9,33.7,31.1,13.4,13,2.68E-05
323,14294,35465,8.4,18.3,43.8,23.5,14.4,21.7,1.37E-05
1575,44841,46606,8.7,12.9,30.5,34.2,22.4,20.1,2.94E-05
991,42837,31018,11,21.2,32.3,28.6,17.9,33.7,2.28E-05
924,20317,39036,8.7,20.7,38.4,25.6,15.3,22.2,9.68E-06
356,9676,46110,7.4,15.1,36.6,29.7,18.5,17,8.88E-06
132,8351,32612,13.4,25.2,40.6,20.5,13.7,31.2,4.75E-06
414,17845,37596,8.7,18.3,35.7,31.2,14.7,25.4,1.13E-05
603,11982,40515,7.9,16.7,40.2,29.3,13.8,24.4,9.90E-06
962,26982,34817,9.7,21.1,38.6,26.8,13.4,36.4,1.13E-05
992,54219,58396,5.7,7.5,30.7,32.9,28.9,11.4,2.52E-05
234,3940,41755,4,13.1,43.2,26.5,17.2,16.7,3.02E-06
463,35895,43969,8.3,14.8,40.8,29.8,14.6,15.8,1.81E-05
707,33006,62264,5.3,9.4,43.5,26.8,20.3,10.7,2.03E-05
663,38175,45746,6.1,15.3,38.7,30,16,16.1,2.41E-05
243,9810,40782,4.9,11.5,45.9,29,13.6,16.6,7.50E-06
1636,60119,69178,6.3,10.5,42.3,30.4,16.8,9.4,3.70E-05
285,11830,45774,6.1,10.6,45.7,26.8,16.9,18.9,7.42E-06
323,14413,49065,3.8,13.3,39.8,28.1,18.8,15,1.05E-05
442,22900,39615,5,22.4,41.3,24.8,11.5,18.5,1.64E-05
448,15095,45717,4.8,11.8,45.1,26.8,16.3,12.5,7.27E-06
210,12113,43919,6.5,15.6,36.5,32.3,15.6,16.7,9.46E-06
128,8795,49712,4.8,13.5,40,30.6,15.8,14.3,6.44E-06
572,28423,50803,4.8,12,37,28.7,22.4,13.9,2.51E-05
63,3558,44343,3.6,11.6,47.3,22.3,18.9,12.7,3.03E-06
303,25791,49252,6.2,12.7,40.6,27.3,19.4,15.1,1.68E-05
233,12691,36802,5.3,24.3,41.8,22.3,11.5,27.7,1.19E-05
210,15585,57321,4.2,14.6,40.1,24.8,20.5,11,1.45E-05
146,8672,48399,5.9,10.7,48.4,28.5,12.4,13.4,5.17E-06
223,11294,50282,5,14.8,44.7,26.5,14,13.3,8.15E-06
182,20716,44473,6.3,21.9,38.1,26.7,13.3,17.8,1.34E-05
244,16693,42115,5.8,21.3,46.7,20,12.1,22.5,9.55E-06
1151,58451,53251,5.8,12.9,34.5,32.6,20,13.2,3.61E-05
305,21743,47419,4.6,7.7,37.7,26.1,28.6,17.8,9.57E-06
179,10411,35356,6.7,16.9,43,25.5,14.6,20.6,5.09E-06
299,13535,60728,3.6,10.1,43.7,27.3,18.9,9.1,8.62E-06
212,9083,36019,7.2,17.7,43.4,27.9,11,22.7,4.71E-06
166,15600,34280,8,22.2,43.3,21.7,12.7,26.9,1.22E-05
269,19194,57032,5.7,12.3,43.3,26.7,17.7,9.1,1.56E-05
885,42490,48516,6.8,13.5,34.8,33.7,18,12.9,2.40E-05
906,44414,46573,4.8,11.7,30.4,28.7,29.1,17,2.55E-05
306,17552,49089,5.5,15.8,47.6,21,15.6,17.6,1.01E-05
1113,106532,84456,5.4,4.2,22.1,30.6,43.1,5.3,9.80E-05
637,32490,44837,4.7,11.6,39,29.5,19.9,19.6,1.97E-05
571,52709,55620,5.6,7.2,27.5,37.1,28.3,14.6,3.72E-05
238,4688,42434,4.4,9.5,42.8,28.3,19.3,15.7,3.50E-06
185,10299,63419,4.5,10.3,49,25.9,14.9,10,8.46E-06
386,24409,48043,5.9,13.1,36.3,35.5,15.1,16.5,1.95E-05
579,22915,61678,6.9,11.9,45.1,28.4,14.6,9.2,1.56E-05
55,6198,37415,5.7,20.2,40.4,25.7,13.7,21.7,2.96E-06
336,13300,35788,7.9,20.1,42.3,27.5,10.2,19.7,8.16E-06
11276,406204,89236,5.2,5.2,24.6,31.3,38.9,4.6,0.000279825
222,9689,39319,6.1,15.5,41.1,29.5,13.9,19.3,5.54E-06
298,17924,61662,4.9,10.6,39.3,30.3,19.7,9.7,1.39E-05
1258,66485,43886,7,15.2,37.2,33.3,14.3,17,5.68E-05
24844,994020,70161,6.3,6.5,21.2,28.6,43.6,9.3,0.000756352
564,22858,47324,4.5,16,37.8,26.8,19.4,15.7,1.17E-05
103,4534,43183,5.7,12.4,46.2,28.7,12.6,20.8,5.70E-06
47,4871,46871,3.3,20.1,41.5,24.2,14.2,14.4,4.31E-06
696,38288,44924,5.3,15,41.6,27,16.3,17.9,3.52E-05
103,8203,36477,7.3,20,44.9,20.2,14.9,22.6,3.16E-06
166,5919,45939,4.5,9.3,43.4,29.3,18.1,15.8,4.56E-06
362,29001,42363,6,19.1,41.5,26.1,13.3,18.4,1.36E-05
486,32465,50262,9.8,12.8,32.9,35.7,18.6,15.4,2.70E-05
100,6033,43421,4.3,15.7,50.2,22.4,11.7,15.6,3.59E-06
1066,56104,49314,12.9,11.1,33.6,35.4,19.9,12.6,3.43E-05
307,25112,38914,5.8,16.4,38.6,31.5,13.5,21,8.24E-06
497,20388,46182,4.4,11.7,40.5,29,18.9,17.1,9.53E-06
931,36594,63726,5.8,11.3,37.6,32,19.1,10,3.30E-05
440,24604,41198,7.2,23.1,37.4,29.7,9.9,22.4,1.25E-05
227,12769,35397,6.1,23.8,39,27.7,9.6,20.6,6.49E-06
730,39859,54844,5.3,13.9,37.3,32,16.8,16.2,2.60E-05
35,1953,45023,4.2,10.2,43.6,26.2,20,14.9,2.83E-06
336,18325,39384,7,19.6,45.5,24.8,10.2,19.6,1.04E-05
6243,297645,46309,8.5,12.2,23.9,27.5,36.3,20.4,0.001861268
44,4686,49448,5,11.2,40,33.5,15.2,15.8,9.45E-07
12,695,51754,3.6,10.2,31.5,32.9,25.4,12.2,2.74E-07
245,7359,51869,4.3,6.1,34.5,37.9,21.5,12.8,5.77E-07
36,2157,42059,7.3,18.2,34.2,28.1,19.6,18.3,5.85E-07
7,939,51145,5.1,11.3,37.2,28.1,23.4,11.3,4.08E-07
3317,162990,61435,5.4,5.9,30.2,31.8,32.1,11.3,2.39E-05
128,7983,51478,3.2,8.5,31.7,39.3,20.5,11.1,2.90E-06
16,759,46010,2,4.9,32.1,37.9,25,18.9,3.79E-07
74,3495,52284,3.5,11.3,36.3,36.3,16.1,12.2,1.42E-06
209,8304,53676,3,7.9,33.8,36.7,21.6,12.2,2.89E-06
8407,320650,61383,4.2,6.3,21.5,32.6,39.5,10.7,0.000147814
743,34347,60924,3.9,6.5,28.5,41.8,23.2,10.8,5.17E-06
11,747,53108,2.5,6,30.1,44.2,19.6,8.9,5.05E-07
6,650,51559,2.9,1.9,29.4,43.3,25.3,15.2,4.45E-07
9,474,52033,2.7,10.8,23.8,43.3,22,12.6,2.13E-07
441,34813,58275,3.9,9.6,30.4,37,23,10.2,2.35E-05
176,7809,53411,4,5.8,35.3,41.1,17.8,11,6.21E-06
96,4625,49982,3.6,12.5,32.3,35.7,19.5,13.2,1.25E-06
61,3532,55853,3.2,6.8,37.7,37.2,18.3,10.3,3.09E-06
199,7044,55343,3.6,8.2,29.9,34.1,27.8,11.8,6.68E-06
132,4134,48624,2.7,8.1,34,37,20.9,11.2,2.78E-06
430,15965,66293,3.5,7.2,35.3,34,23.4,8.3,1.00E-05
74,2601,47006,2.8,12.4,40.6,30,17.1,13.1,2.33E-06
59,2867,63443,1.8,12,25.8,34.2,28.1,9.5,1.25E-06
249,9006,61420,3,6.7,29.9,39.9,23.5,10,6.44E-06
92,7184,67465,3.3,4.6,33.3,39,23.2,9.3,4.84E-06
606,33364,62804,3.7,11.1,29.8,37.4,21.8,9,1.91E-05
234,5201,66462,3,8.6,31,38.5,21.8,6.9,4.58E-06
254,10627,50260,3.3,7.5,32.6,40.8,19.1,12,5.72E-06
203,7791,50207,3.2,7.8,36.2,37,19,12.3,5.45E-06
3,1377,53905,2.1,3.3,34,39.5,23.2,13.9,5.27E-07
280,13987,59937,3.6,16.5,33.3,32.4,17.8,9.2,9.41E-06
6560,188856,84016,4.1,4.5,21.7,34,39.8,5.9,0.000306181
709,21927,71086,3.7,6.8,31,36.8,25.4,6.9,1.13E-05
1079,35299,50263,4.2,12,28.7,36.4,22.9,13,1.84E-05
582,17186,72291,4.1,6,28.6,36.5,28.9,7.2,1.16E-05
125,5150,46159,2.4,9.4,32.8,34.9,22.8,14.5,8.15E-07
40,2986,48735,3.2,7,36.2,36.5,20.2,12.4,2.04E-06
12,1200,47983,2.3,6.8,29.4,33.2,30.6,15.9,2.24E-07
44,5880,62045,3.4,6.3,31.6,44.2,17.8,7,5.31E-06
111,4887,52439,2.7,7.6,35.6,37.9,18.8,10.8,3.29E-06
7,739,51401,4,6.1,22.8,46.3,24.7,13.9,4.00E-07
129,7220,48891,5.2,10.9,32.9,39.9,16.4,24.9,7.08E-06
79,4103,47981,2.8,7.7,34.2,33.9,24.2,10.4,2.79E-06
549,20901,75197,3.7,4.4,31.6,34,29.9,6.8,2.07E-05
190,9492,57655,2.8,4,27.5,36.1,32.4,11.8,8.27E-06
107,3419,49518,3.8,6.2,35.5,35.3,23,12.3,2.30E-06
11,790,50207,1.8,4.4,32.5,43.7,19.4,12.3,5.30E-07
485,13511,59749,3.4,6.4,27.9,37.3,28.4,9.4,9.11E-06
5699,56034,58126,8.2,13,26,38.9,22.2,12.2,0.000149554
3062,94657,53167,8.2,9.5,36.7,30.1,23.6,15,2.63E-05
99164,1474273,105241,8.5,9.4,27.3,26.9,36.3,6.8,0.000624297
3217,75802,58851,8.8,13.3,33.8,28.2,24.8,16.1,3.02E-05
1856,47904,60699,7.8,8.8,35.9,29.2,26,9.4,3.57E-05
2026,101058,59176,6.2,5.6,19,21.9,53.5,16.9,8.22E-05
7664,177716,64090,8,9.3,29.7,28.6,32.5,12,6.10E-05
2233,63756,63240,8.4,8.1,30.6,30,31.3,10.1,2.84E-05
2088,60606,56897,7.2,12.1,38.7,28.6,20.5,11.9,2.82E-05
2810,89339,61989,7.4,10.8,33.7,32.8,22.6,11.4,5.71E-05
57050,965802,101741,8.4,11.9,19.2,19.9,48.9,8.4,0.000866061
1972,39465,58214,7.5,10.1,40,32.2,17.7,9.9,2.57E-05
616,24780,60612,6.5,13.6,32.6,28.5,25.2,13.9,2.83E-05
9505,216246,62835,6.3,13.1,27.8,36.2,22.9,12.5,0.000105523
412,9250,46275,5.8,18.9,34.4,34.6,12.2,18.8,7.58E-06
2395,62353,53114,8,16.5,26.8,35.1,21.5,14.2,9.44E-05
2634,55720,39947,6.2,20.3,31.9,32.8,14.9,23.1,5.39E-05
4474,88097,70479,6.6,12.1,31.1,33.8,23,9,0.000114975
3864,45782,46370,7,16.1,32.4,34.1,17.4,13.6,4.02E-05
1558,35994,46279,6.7,10.7,31,34.4,23.8,14.3,2.70E-05
708,21740,50062,6.9,13,31.3,27.2,28.5,14.6,1.87E-05
1434,22178,39413,6.9,16.6,33.9,33.1,16.4,20.6,1.88E-05
47494,1128945,69455,7.8,9.7,17,27.9,45.4,10.3,0.000832526
530,14881,47675,7.8,14.8,33,31.7,20.5,14.8,2.60E-05
1375,27238,46497,6.7,20.5,34.6,29.3,15.7,16.1,2.14E-05
3897,103352,63942,7.2,9.3,21.6,31.6,37.4,11.3,5.72E-05
5231,94859,50902,8.4,14.4,33.7,31.1,20.8,16.4,6.78E-05
9249,236613,57252,7.3,6.8,21.3,31.3,40.6,13,0.000475315
811,19088,39777,7.3,19.6,38.5,28.1,13.8,21.6,1.37E-05
7858,203943,50645,7.2,8.5,30,38.6,22.9,12.5,0.000103345
3437,149077,74314,5.4,7.3,13.6,19.4,59.7,13.4,0.00014479
587,12715,52522,5.6,12,31,38.4,18.5,15.9,1.46E-05
1498,40372,51245,7.3,13,32,32.9,22.1,14.3,6.87E-05
2571,64671,60405,6.6,12.2,27.6,32.2,27.9,11.5,2.87E-05
455,13667,50804,6.7,13.1,28.7,38,20.2,15,2.14E-05
1672,39925,54553,7.4,13.5,37.4,33.5,15.6,15.4,3.93E-05
7815,182924,52961,6.8,10.7,23.8,32.8,32.7,19.2,0.000108263
737,21030,53405,6.2,9.2,25.1,36.6,29.1,12.1,3.42E-05
6796,144557,50129,7.4,18.5,33.5,32.3,15.7,14.1,7.13E-05
1970,44332,40518,9.2,19.1,32.2,33,15.7,25.8,3.61E-05
6405,129999,36366,8.8,22.7,33.4,30.2,13.7,31.5,5.30E-05
2966,91285,44686,8.4,17.3,34.9,32.7,15.1,18.4,6.23E-05
7569,142495,52051,7.9,14.4,32.6,34.5,18.5,13.9,0.000107566
2879,67076,44547,9.3,16.2,32.5,33.5,17.8,18.5,4.58E-05
2915,63382,45997,5.8,20.7,34.2,31.4,13.7,16.8,2.59E-05
1202,34637,39197,12,19.8,33.9,30.8,15.5,28.5,4.19E-05
3370,63239,58303,6.3,14.7,33.3,34.7,17.3,10.7,6.18E-05
1962,45743,52356,6.4,16.2,40,29.7,14.1,13,3.93E-05
3660,71683,48637,6.9,20.5,28.9,32.5,18,16,5.19E-05
515,14179,46075,8.5,20.2,30.6,31,18.2,16.1,1.04E-05
1400,34498,55628,6.1,11,26.8,29.6,32.6,13.1,3.52E-05
149,3774,37680,8.9,26,36.5,27,10.6,25.4,3.73E-06
11470,244562,86138,6,10.4,24.6,29.7,35.4,7.3,0.000149246
2207,44718,40450,10.1,19.6,37,28.5,14.8,18.5,6.84E-05
41852,1132271,84377,6.4,7,15.1,25.1,52.8,8,0.000523671
684,19522,37027,9.8,18.4,36.7,29.1,15.8,21.7,1.76E-05
610,11485,40157,8.2,16.3,37.4,34.8,11.5,21.3,1.28E-05
1920,56441,51630,6.2,9.2,20.7,27.8,42.2,21.4,6.98E-05
3567,123967,45634,6.5,15.5,30.5,35,19,18.6,8.64E-05
2673,68043,45250,6.8,19.9,31.7,32.6,15.8,15.2,3.48E-05
4038,81979,42414,8.9,19.7,31.5,29.2,19.6,21.5,8.61E-05
1562,37625,50929,7.1,17.7,33.8,36.9,11.6,13.9,4.34E-05
557,18099,47664,6.6,15.5,33.2,31,20.3,14.2,2.24E-05
1173,68466,68634,6,6.3,30,34.4,29.3,9,1.31E-05
45,3709,56167,4.4,13,32.9,31.9,22.2,12.4,1.13E-06
785,38700,84606,9.6,9.5,27.1,39.9,23.6,6.4,7.19E-06
1727,64820,51479,7.6,12.1,44.5,30.9,12.5,14.8,6.20E-05
5803,180912,78540,7.6,4.9,31,30.2,33.9,5.5,0.00016576
592,22678,43754,9.6,16.4,41.8,28.7,13.1,15.8,2.04E-05
861,41274,67075,5.4,7.9,45.3,28.5,18.3,6.7,3.45E-05
3041,107516,63524,7,8.8,36.6,31.3,23.3,8.8,0.000102118
564,13586,48231,10.6,10.9,51.8,24.8,12.5,14,1.15E-05
15267,531610,54704,8.6,9.9,27.8,34.5,27.9,15.3,0.000444767
437,14305,46883,9.3,14.7,43.9,31.2,10.2,15.7,1.33E-05
979,35411,59498,7.1,12.3,43.9,29.9,13.8,8.5,3.37E-05
3366,86020,52105,7.8,12.2,41.6,30.1,16.1,15.3,5.00E-05
325,14364,50788,9.6,15.3,47.9,26.9,9.9,14.2,1.39E-05
1306,40253,63352,9.1,8.3,35.2,33.5,23.1,8.1,6.10E-05
518,18648,58100,7.5,9.5,47.9,26.9,15.6,9.8,1.73E-05
1089,36215,51875,8.4,12.7,47.5,27.7,12.2,15,3.43E-05
2373,58658,63931,6.8,12.8,42.6,26.2,18.4,11.5,4.52E-05
957,27695,46255,9.4,19.8,40.2,27.4,12.6,19.1,2.43E-05
5357,162583,57439,7.3,7.6,36.6,26.8,29,11.9,0.000128792
1042,40836,62128,6.7,9.6,43.9,30.2,16.3,8.9,3.72E-05
985,33654,73454,5.6,7.2,41.3,30.5,20.9,7.2,2.69E-05
3715,120891,51883,9,13.1,39.4,29.3,18.3,13.5,9.43E-05
2356,76420,54728,8,12.4,43,28.9,15.8,15.2,4.28E-05
1724,58351,58415,8.1,9.6,42.4,31.9,16.1,9.6,5.52E-05
2120,74347,45410,8.7,15.1,41.2,28,15.7,21.9,4.70E-05
1738,54938,55664,8.1,8.3,45.2,29.7,16.8,12.1,3.85E-05
1200,48337,64304,7.7,9.8,41.3,30.2,18.7,9.1,4.58E-05
11446,369772,55623,8.1,8.4,38.2,30.6,22.8,13,0.000248158
18398,538866,57753,8.2,8.3,30.2,29.1,32.5,14.2,0.000503998
5034,196800,47966,10.4,10.6,44.5,26.1,18.7,15.4,0.000122945
2233,91776,54150,7.6,14,44.7,23.9,17.4,11.2,6.24E-05
2073,60021,91597,5.8,6.6,32,25.9,35.5,5.4,5.37E-05
704,28159,55361,7,8.7,44.3,30.4,16.6,8.5,2.66E-05
305,12972,46301,9.1,19.3,43.7,24.2,12.8,18.7,1.21E-05
8368,238412,91645,6.4,6.2,25.8,25.1,43,4.5,0.000229412
2127,59652,52565,8.6,9.4,40.3,31.5,18.8,11,3.64E-05
2862,115694,58747,5.9,13.5,39,25.3,22.2,9.9,8.05E-05
1061,36565,54239,7.8,9.5,42.4,32.9,15.2,9.3,3.36E-05
4646,131113,64723,7.1,5.7,30.7,30.1,33.5,11.2,8.20E-05
674,21711,61733,7,8.1,45.7,29,17.2,7.5,2.06E-05
2780,67610,43392,6,14.7,34.4,30.4,20.4,22.7,3.22E-05
393,11113,56307,4.1,9.5,41.5,25.8,23.2,12.3,5.86E-06
463,10076,47456,5.2,11.1,44,33.4,11.5,15,6.88E-06
367,11765,39265,6.6,20.5,39.6,28.3,11.6,27.4,7.34E-06
28037,804041,56272,6.4,12.6,25.7,29.7,32,14.9,0.000437968
1124,38234,41725,7.2,13.7,36,36.2,14.1,18.7,2.12E-05
1665,46642,50667,6.4,11.7,38.1,32.1,18,14.9,8.02E-06
1153,30879,41530,5.7,14.7,36.3,34.5,14.5,18.5,2.53E-05
712,16381,47646,6.5,11.2,44.2,27.9,16.6,15.2,1.11E-05
2770,81755,43025,5.3,7.8,27.4,27.3,37.4,23,4.61E-05
1611,43679,47215,7.6,13,38.2,32.7,16.1,19.7,1.29E-05
1970,38397,49510,5.2,10.8,32.9,28.2,28.2,13.9,2.06E-05
2767,72998,52747,6.1,12,36.5,33.2,18.3,14.8,3.58E-05
387,10970,37718,6.7,16.8,42.5,26.4,14.3,23.9,3.03E-06
138,3570,59286,4.8,11.6,36.4,35.9,16.2,13.4,1.21E-06
3860,93155,67054,5.8,8,32.1,35.1,24.9,10.4,5.32E-05
1041,24248,40725,7.4,15.7,34,36,14.3,22,1.48E-05
1619,41538,43038,6.8,18.7,38.6,28.2,14.4,21.6,2.38E-05
1799,43100,47826,7.7,12.7,42.2,28.2,16.9,14.8,1.91E-05
550,19997,56014,2.3,27.7,25.7,24.5,22.1,14.7,3.78E-06
259,7229,41251,6.3,22.5,33.4,26.8,17.3,20.4,3.20E-06
25925,657589,57668,6.6,10.6,25.4,32.2,31.8,14.3,0.000445182
3377,82925,65191,5.8,9.4,32.9,34.5,23.2,8.2,5.70E-05
2054,52222,62515,5.9,9.6,34,27.9,28.5,12.9,4.85E-05
322,10830,50823,6.7,9.9,41.5,27.8,20.8,12.6,4.17E-06
223,8687,40684,3.4,10.2,29.9,29.6,30.3,15.2,2.61E-06
695,19812,73253,6.7,12.3,39.9,28.4,19.4,12.2,6.16E-06
52912,1578487,47598,12.4,15.3,32.6,22.4,29.7,23,0.0045403
2286,56072,66595,10.6,7,34.3,31.8,26.8,9.2,3.97E-05
480,16453,49054,9.3,12,47,25.6,15.4,11.7,5.87E-06
6160,140709,55951,9.2,10.7,46.6,26.1,16.6,11.7,6.98E-05
1603,40317,56873,7.6,13.4,45.6,21.3,19.8,10.3,4.73E-05
2629,72916,49082,9.5,11.8,49.8,22.6,15.9,12.5,2.62E-05
255,5913,51718,8.5,10.4,47.7,24.7,17.2,12.9,5.07E-06
1405,40006,60235,7.3,10.2,45,26.3,18.6,11.3,1.88E-05
936,40381,51324,9,9.6,45.3,26,19.1,13.4,1.38E-05
2980,44294,61306,6.8,13.2,39,21.8,26,12,5.41E-05
1342,50328,53619,8.9,9.8,48,23.4,18.7,12.5,2.88E-05
968,38911,52592,8.1,7.1,45.4,27.9,19.5,13.5,1.70E-05
7826,206803,65558,9.4,6.9,37.3,25.8,30,9.9,9.32E-05
2011,51163,56265,9.2,10.4,42.9,26.3,20.4,12.4,2.72E-05
13198,347087,59407,9.1,5.6,36.9,28.3,29.1,10.5,0.000130356
1016,26557,60419,8.4,7.8,46.4,26.2,19.6,9.9,2.58E-05
20546,450448,69101,8,10.1,39.6,25.5,24.9,9.2,0.000192344
114,6525,61029,5.3,9.6,33.7,35.3,21.3,8.7,4.85E-06
180,14070,34078,10.1,26.1,27.8,35.7,10.4,40.1,2.59E-06
2409,115926,58919,5.3,6.5,27.5,34.5,31.5,12,1.61E-05
70,2832,49999,3.8,7.6,36,36.1,20.3,14.5,3.81E-07
90,2163,58012,3.2,7.2,36.3,34.2,22.3,10.4,9.70E-07
373,10331,49088,6.4,10.4,35.5,36.8,17.3,19.6,3.62E-06
37,2322,56507,4.1,6.6,40.1,31.6,21.6,12.6,1.57E-06
137,6319,54666,4.1,8.9,37.2,32.1,21.8,11.5,1.62E-06
69,3121,70472,3.9,5.1,30.6,32.2,32.1,7.7,8.34E-07
31,1391,61791,2.8,4.4,33.7,36.9,25,8.2,5.33E-07
64,10313,34015,6.4,20.1,31.7,32.5,15.6,43.4,2.87E-06
127,5377,50503,3.1,9.1,41.1,27.5,22.3,18.8,1.29E-06
199,8368,63852,3.9,8,33.7,34.6,23.7,10.1,5.24E-06
605,16192,83910,5.1,7.4,29.5,32.5,30.6,6.3,1.36E-05
148,5336,51472,6.1,10,38,27.1,24.9,15.1,2.91E-06
555,22742,60868,4.6,9.1,35.4,29.8,25.7,10.1,1.68E-05
53,2656,33508,4.8,15.9,41.3,26.4,16.4,47.7,5.23E-07
413,12363,45874,7.5,15.7,42.5,31.4,10.4,15.2,1.69E-05
1015,34540,54558,8.6,16.5,40.5,24.6,18.4,12.8,2.34E-05
1927,54910,65226,6.4,13.8,32.4,27.4,26.4,9.7,9.25E-05
1967,54208,49836,7.8,15.5,40.4,27.9,16.2,14.5,4.87E-05
744,25696,45469,8.7,17.4,45.4,24.6,12.6,17,1.76E-05
876,24827,44334,6.5,19.7,45.7,24.3,10.3,15.5,3.12E-05
2896,98360,50401,7.5,11.1,35.3,27.9,25.6,17.6,6.82E-05
1037,28924,47675,7.6,18.5,38.7,30.1,12.8,15.3,2.24E-05
1264,35016,58151,9.1,14.6,41.4,29.4,14.7,13.1,3.60E-05
4030,99590,66434,8.1,9.8,35.7,31.4,23,8.5,6.27E-05
426,12532,48334,8.6,16.2,45.4,28.6,9.8,16.1,2.48E-05
1868,47177,50506,8,17.6,41.5,27.5,13.4,16.5,2.87E-05
8351,214251,57606,7.6,7.1,28.5,36,28.5,12,0.000153428
267,6438,61804,5.4,14.1,39.9,23.3,22.7,10,1.92E-05
809,21431,43952,6.5,19.7,48.5,22.4,9.4,22,1.58E-05
778,30131,44061,7,16.5,44.8,23.4,15.3,14.6,2.14E-05
700,22566,43636,6.3,19.4,46.7,21.2,12.8,17.1,2.01E-05
188,8099,42939,9.5,25.1,38.5,24.9,11.5,14.4,7.54E-06
175,5061,41860,6.1,25.6,38.2,26.7,9.4,17.8,1.20E-05
861,16835,45922,6.9,17.6,39.4,31.1,11.9,15.3,1.50E-05
2687,80929,49083,6.6,13.4,36.5,23.6,26.4,16.1,7.79E-05
1191,33443,47599,9.8,19.2,36.8,27,16.9,15.4,4.09E-05
1875,53841,50561,6.6,11.1,36.3,32.9,19.8,14.6,5.76E-05
2984,72275,65790,6.1,12.8,38.1,29.5,19.6,10.5,5.86E-05
13797,339261,69614,6.9,8.2,27.8,31.7,32.2,10,0.00021153
856,22090,38750,8.6,20.2,44.3,26.3,9.2,22,1.60E-05
566,15176,46876,7.8,18.4,39.1,27.4,15.1,17.4,2.20E-05
4289,99244,54476,9.6,15,37.2,30.3,17.4,12.9,6.47E-05
26945,936017,52659,9.7,11.6,27.5,29.3,31.6,17.2,0.000473298
676,20285,54570,6,14.7,46.5,24.3,14.4,15.3,2.49E-05
417,13859,52177,6.6,12.8,44.8,26.8,15.6,12.9,1.16E-05
5513,158755,51303,7.2,12.8,34.7,28.8,23.6,15.1,0.000148273
7445,195561,69391,6.5,10.3,30.9,30.7,28.1,8.6,0.000142626
1796,61918,61436,6.9,12.2,37.6,32.9,17.3,10.5,5.22E-05
316,11455,51982,6.1,15.6,38.4,32.3,13.8,15.8,3.87E-05
560,17755,44548,8.3,15,39.4,30.8,14.8,15.8,3.68E-05
613,20187,48106,6.9,22.9,44.8,22.4,9.9,18.3,3.49E-05
232,5947,44451,8.7,21,50.8,20.5,7.8,15.5,8.40E-06
1124,41605,46144,8.9,20.5,43.3,21.6,14.5,15.9,3.71E-05
4258,130367,51879,6.4,11.2,28.9,28.1,31.8,15.8,0.00015417
488,16524,45091,7.1,19.8,46.6,23.8,9.7,17.3,8.69E-06
913,33334,42506,5.8,14.9,38.9,24.6,21.6,17.7,2.22E-05
839,27707,43583,7.1,16.8,45.7,25.2,12.3,16,2.84E-05
9620,245348,119637,4.8,4.7,13.3,22.2,59.8,4.3,0.000162523
6085,148130,80080,6.3,8.4,29,30.2,32.4,7.4,0.000100147
38,1363,40449,4.9,23.8,26.9,32.5,16.8,18.9,5.84E-07
114,4765,68626,13.6,20.5,32.8,32,14.7,9.6,2.34E-06
108,3513,54165,8.9,23,33.5,29.5,14,13.8,4.83E-07
303,5567,38871,5.2,24,35.9,27,13.2,22.1,2.39E-06
88,2149,44462,6.5,33.7,35,21.1,10.2,19.7,2.18E-07
501,7273,55793,2.8,29.6,28,26.6,15.8,11.4,1.87E-06
105112,2635888,61807,7.7,20.7,22.6,25.3,31.5,14,0.001167037
306,12974,48165,8.7,30.1,32.3,23.4,14.2,20.6,5.56E-06
492,18277,46178,3.6,26.2,36.6,25.3,12,17,4.71E-06
167,5349,51348,5.5,12.2,32,30.6,25.1,16,8.04E-06
35055,919324,90910,6.5,7.5,17.8,29.6,45.1,6.5,0.000403998
487,20174,52544,6,19.2,39.1,29.1,12.6,17.1,8.57E-06
51,2140,41973,6.3,15.6,35.8,30.1,18.5,19.4,9.16E-07
1537,9925,40315,6.4,33.6,36.2,16.6,13.6,25.3,2.88E-06
138,3308,41093,4.4,11.3,34,36.8,17.9,16.4,1.38E-06
358,11058,37100,12.1,31.4,30.7,28.9,9,23.9,2.38E-06
516,18388,46991,6.7,15.6,31.6,36.8,16,16.7,7.66E-06
5576,167701,65564,11,24,30.3,30.2,15.4,12.1,7.21E-05
65,1923,40424,3.5,27.9,22.7,31.3,18.2,20.7,3.51E-07
9396,191760,78341,6,13.8,27.7,34.2,24.3,8.7,7.91E-05
35186,841286,48629,8.3,21.5,23.7,31.4,23.3,18.8,0.000320595
1148,43224,53044,5.7,11.7,26.3,30.5,31.5,15.2,1.54E-05
886,17275,41484,6,23.1,38.4,26,12.4,21.6,8.71E-06
1599,35913,56123,4.7,14.5,35.2,32.8,17.4,13.2,1.56E-05
1391,25547,62195,4.7,13.9,39.1,27.3,19.7,10.9,1.04E-05
77,3784,51053,4.5,13.9,34.7,32.8,18.6,13.3,1.63E-06
283,5672,45022,6.2,25.8,27.7,30.6,15.9,17.3,2.21E-06
52,1135,38615,4.2,18.1,32,33.6,16.2,17,6.22E-07
30336,839706,101361,7.7,9.4,17.9,26.5,46.2,6.6,0.000376299
280,10821,50630,5.3,8.7,27.9,36.8,26.6,14.4,1.47E-05
940,19874,52511,8.3,17.4,33.2,34.2,15.3,15.5,8.74E-06
1021,20379,40360,5.7,33.8,34.2,24.7,7.3,27.7,6.94E-06
200,21996,67171,5.6,38.2,29.8,20.5,11.4,13.2,5.65E-06
17237,345089,73214,8.7,11,24.9,33,31.1,11.3,0.000351614
221,6222,48975,6.8,38.4,28.6,19.1,13.9,24.2,2.69E-06
1118,26960,62143,4.8,11,29.9,26.8,32.2,8.5,9.84E-06
16,1439,93759,3.6,30.6,18.7,23.6,27.2,7.9,6.17E-07
163,7626,56758,7.7,17,26.5,39.2,17.3,13.4,3.46E-06
1089,20948,48425,5.4,23.3,44.1,19.6,13.1,16.2,7.58E-06
620,21658,52543,8.1,19.8,32.7,33.5,13.9,14.5,9.03E-06
4621,138318,57439,5.9,11.3,30.1,38.2,20.4,11.6,5.73E-05
4175,124229,53137,8.3,15.9,28.2,34.6,21.3,16.5,0.000175452
1849,29614,51651,8,19.4,34.8,30,15.7,15.9,1.45E-05
7614,170608,78801,6.1,11.3,30.5,30.1,28.2,7.4,9.26E-05
959,32754,49187,6.8,23.4,34.7,24.7,17.1,17.9,1.26E-05
227,2939,35940,5.8,20.4,30,33.8,15.9,25.4,1.28E-06
277,8557,52505,4.5,16,35.8,25.8,22.4,14.3,3.95E-06
279,5279,58703,3.5,32.2,26.7,26,15.1,11.7,2.22E-06
117,4011,40057,4.4,21.1,32.7,32.5,13.7,19.2,2.23E-06
2231,58305,62616,9,12,38.2,32.9,16.8,12.1,2.53E-05
154097,4738253,61638,8.9,18.6,23.4,26.6,31.5,15,0.001072863
2260,66386,55171,7.9,14.7,34,32.2,19.1,17.8,2.85E-05
316,5443,72796,2.1,17.4,37.5,27.2,17.8,8.6,1.44E-06
130,5754,38613,4.3,29.7,35.1,23.4,11.9,20.7,2.46E-06
8401,241365,72890,6.3,9.9,23.3,29.5,37.2,11.2,0.000137453
233,3777,71299,4.4,17.9,31.5,29.4,21.2,9.1,1.61E-06
2164,83792,49896,6.4,16.5,34.4,31.8,17.3,17.5,3.70E-05
36043,875200,41656,11.6,34.3,23.5,23.5,18.7,26.9,0.00021511
2248,37006,53210,6.3,16.5,34.9,31.3,17.4,13.1,1.49E-05
912,22921,51149,7.9,23.8,26.7,33.7,15.8,15.5,9.74E-06
2554,63527,74534,6.6,10.6,30,33,26.4,9.2,5.83E-05
815,37170,50332,5.1,15.1,35.7,29.2,20.1,14.7,1.87E-05
498,22835,43601,5.3,18.8,36.2,29.8,15.2,20.9,7.16E-06
700,36540,61112,8.1,20,33.7,33.7,12.6,17,1.57E-05
78,4906,39309,8,44.5,30.6,14.2,10.7,28,4.14E-07
2244,99807,57513,6.5,15.5,34,30.6,19.9,14.8,4.59E-05
818,20677,57936,7.2,14,34.4,37.5,14,11.4,9.00E-06
55,1564,68630,6,6.8,37.6,40.5,15,7.4,5.74E-07
183,9056,55358,7,18,40,28.6,13.5,15.6,3.84E-06
708,14854,55800,5.8,17.6,31.1,34.8,16.5,13.8,6.91E-06
1202,35375,47252,11.2,15,44.7,27.4,12.9,19.5,1.46E-05
82,2220,53362,5.1,21.1,20.1,28.2,30.5,12.7,3.79E-07
5829,250127,55173,11.9,15.8,31.9,32.6,19.7,16.9,0.000110198
282,5184,38788,9.5,25.5,37.6,23.5,13.4,22.8,1.76E-06
1391,40452,44444,13,25.1,36.6,26.1,12.2,21,1.81E-05
8573,179575,66538,6.5,14.3,35.9,31.1,18.7,11,9.57E-05
431,19875,51094,7,21.6,38.6,28.1,11.7,20.4,8.26E-06
827,15562,54843,6.3,24.3,36.9,23.5,15.3,21,8.04E-06
6601,143198,75009,6.5,14.2,32.4,32.9,20.5,9.8,7.08E-05
1813,48523,94899,5,7.2,20.6,30.1,42.1,7.4,2.83E-05
17,379,46132,5.4,73.6,20.2,5.2,1,14.2,1.00E-07
49,786,52591,3.9,14.2,32.6,27.8,25.4,11.5,3.36E-07
2071,52869,57789,5.9,11.4,27.2,34.1,27.4,12.5,1.85E-05
61,4396,44757,5.1,14.9,32.9,29.7,22.5,17,1.36E-06
8,283,71256,1.7,20.3,34.8,24.1,20.9,11,1.20E-07
203,3670,47076,6,21.5,36.8,29.6,12.1,18.9,1.04E-06
897,30338,47169,8.4,21.6,26.7,27.2,24.6,23.3,1.33E-05
127,3683,40808,5.6,18.1,34.3,27.5,20.1,19.1,1.67E-06
1846,49905,47061,6.5,15.7,33.1,32.5,18.7,18.4,2.12E-05
624,12710,42719,5.2,25.1,32.4,28.1,14.4,18.5,4.83E-06
1418,21789,58817,5.4,9,29.4,41.7,19.9,12.4,1.18E-05
392,7500,41683,6.8,36.4,38.6,17.5,7.5,26.6,1.95E-06
779,20216,52632,5.2,14.4,40.9,28.1,16.7,11,8.05E-06
1198,17397,59250,4.9,15.4,36.2,33.9,14.6,10.7,1.07E-05
850,17493,50522,7.8,18.2,40,27.7,14,14.4,6.29E-06
3494,91547,53274,10.6,22.7,37.8,29.8,9.7,14.4,3.05E-05
1479,23340,43644,7.1,18.9,33.2,33.1,14.8,19.2,9.95E-06
108,3111,65388,4.2,17.9,32.6,29.9,19.7,12.4,1.29E-06
276,12324,54163,7.5,23.1,34.1,30.6,12.2,16.5,4.58E-06
982,21958,55617,5.7,14.2,26.5,34,25.3,10.8,9.08E-06
1,181,88487,1.7,19.7,19.7,60.6,0,7.1,1.04E-07
6756,314772,54733,5.7,13.8,25.6,30.4,30.1,17.9,0.000135701
101,6025,45737,5.4,24.6,29.4,28.7,17.3,16,2.61E-06
128,7823,43262,7.5,23.2,27.6,31.9,17.3,17.6,2.83E-06
7870,259730,51078,6.2,15.1,27,33.6,24.2,18,9.67E-05
19,721,68349,2.8,7.3,32.7,31.3,28.8,10.5,2.44E-07
832,14427,46274,7.2,19.2,38.5,27.6,14.7,17.8,1.20E-05
276,9960,37876,8.2,14.8,41,29.4,14.7,21.4,1.01E-05
95,5816,68745,6.1,22.6,33,26.1,18.3,12.1,2.45E-06
130,4344,54914,5.6,12.3,26.7,33.4,27.6,11.7,1.81E-06
2026,36725,49276,10.5,19.4,31.6,31.5,17.4,17.5,1.30E-05
3983,58378,40017,15,40.5,22.6,24.2,12.7,26.9,1.76E-05
2217,52358,60695,6.3,16.8,31,32.3,19.8,12.2,1.53E-05
38,2124,38425,5.2,22.1,36.1,23.8,18,20.7,9.09E-07
6136,177863,85811,8.1,15.5,25.7,31.5,27.4,9.9,7.63E-05
1053,24708,48989,7.1,18.6,38.1,29.2,14.1,16.3,9.38E-06
377,4840,46876,4.1,17,31.9,32.8,18.3,13.2,2.50E-06
107,8202,44457,7.9,21.3,40.3,27.1,11.3,19.5,3.48E-06
656,19962,53649,6.6,14.3,37.6,31.2,16.9,12.9,8.28E-06
25649,626351,88833,7.5,12.3,22.8,30.4,34.5,8.9,0.000231949
387,20654,55099,3.8,32.7,26.2,26.9,14.3,11.9,8.86E-06
366,12393,43304,11.4,11.4,41.4,32.8,14.3,18.1,1.90E-05
42,1185,40217,4.6,12.5,31.3,39.4,16.8,17.6,4.62E-07
1472,64753,46207,6.6,17.1,28.6,29.8,24.5,20.9,2.64E-05
1745,50694,48649,6.2,21.6,29,33.5,15.9,13.4,1.94E-05
304,13414,45890,11,16.6,42.9,30.8,9.7,22.8,5.55E-06
282,14835,46389,5.3,17.7,35.1,31.9,15.2,17.5,6.28E-06
9842,363148,56079,9,17.2,29.3,31.7,21.8,16.5,0.000167255
227,9598,62567,5.8,25.6,33,25.8,15.6,11.4,4.04E-06
120,2135,59404,3.9,9.7,37.2,31.1,22,13.1,5.49E-07
3100,82878,62976,10.5,12.1,37.2,35.2,15.5,12.5,9.59E-05
1022,29320,50159,7,15.8,34.1,33.5,16.6,17.2,1.19E-05
578,23187,56882,8.4,17.1,31.4,35.3,16.1,14.3,1.10E-05
6798,148198,82501,5.9,11.4,28.8,33.4,26.4,8.2,6.33E-05
187,9522,50607,2.6,29.2,31.1,21.8,17.9,11.8,4.17E-06
349,15718,52763,8.1,30.9,35.9,23.3,9.8,18.7,1.27E-06
1038,52995,50416,8.7,18.4,39.5,29.1,13.1,16.7,1.94E-05
2127,116004,41138,5.5,23,32,30.1,14.9,20.3,4.93E-05
213,6508,33499,14.7,46.6,15.9,16.3,21.2,19.2,6.52E-07
265,12552,65657,4.7,14.6,40.6,31.1,13.7,13.4,2.11E-05
2659,139899,70694,4.5,7.7,22.8,37.1,32.4,9,5.92E-05
58,3833,67384,9.7,17.8,41.9,29.8,10.5,8.9,1.26E-06
104,3411,40834,6.7,16.7,30.4,35.5,17.4,17.7,1.88E-06
239,11995,41325,6.4,14.6,40.4,32.6,12.5,19.6,4.44E-06
287,15949,48990,7.1,30.3,32.7,24.8,12.3,22.1,2.34E-06
194,6877,46883,8.2,19.7,38.4,30.3,11.5,18,3.45E-06
15,813,70705,4.6,7.3,30.4,37.3,25,7.4,3.40E-07
1194,17155,47016,6.4,15.5,35.5,32.9,16.1,20.7,7.75E-06
5164,109888,105763,6,7.3,18.7,33.3,40.7,4.8,0.00033379
365,10401,48650,4.9,20.8,35.2,25.8,18.1,17.2,3.82E-06
1359,54324,56036,7.3,19.4,31.8,33.4,15.5,15.4,2.27E-05
222,10507,43778,10.8,15.3,35.6,31.5,17.6,17.6,8.25E-06
95,8248,40094,9.6,17.7,40.1,28.3,14,22.5,6.00E-06
834,29301,42633,8.1,15.5,48,25.2,11.2,16.8,1.99E-05
1227,67069,57302,10.3,20.1,32.7,31.6,15.6,14.4,3.73E-05
401,6039,46061,5.2,25.2,34.9,25.8,14.1,20.7,2.05E-06
60,2761,53286,6.9,20.4,24.8,38.2,16.6,15,8.13E-07
1404,16662,56299,8.2,21.3,34.3,28.1,16.2,14.7,7.11E-06
119,3300,65095,5.3,13.6,21.8,34.1,30.5,12.7,1.39E-06
606,24915,39708,6.8,23.6,35,27.6,13.8,21.4,1.21E-05
107,3027,55473,3.1,21,30.7,33.3,15,11.1,1.27E-06
7306,235806,59538,6.8,14.2,23.4,35.9,26.4,12.9,9.88E-05
339,9139,67897,6.5,10.4,38.5,24.7,26.4,9.4,1.89E-05
3222,64266,32516,17.3,46.7,26.3,17.1,9.9,32.5,2.03E-05
224,9334,46658,6.1,21.5,28.6,33.7,16.2,17,4.02E-06
16,1315,66790,6.4,10.6,52,27.9,9.5,10.7,5.50E-07
68,1348,48267,5,18.7,34.4,32.1,14.8,15.1,5.68E-07
108,3738,63427,9.8,26.1,33,23.8,17.1,13.1,9.93E-07
192,7340,44388,5.2,26.7,29.9,28.1,15.3,20.6,3.18E-06
106504,2123347,70130,7.3,13.9,24,29.9,32.3,10.2,0.000949265
4459,139200,54465,5.5,10.7,31,33.1,25.2,14,5.87E-05
25,702,45677,4.6,13.5,26.8,41.2,18.4,17.5,1.15E-07
341,12183,42953,7.3,31.6,31.7,25.3,11.4,21.6,5.29E-06
19,1487,42746,4.9,13.4,35.7,29.2,21.7,13.9,6.29E-07
1148,32926,49924,6.7,23.3,33.4,26.9,16.3,16.3,3.13E-05
2875,120010,54774,6.3,13.7,30.2,31.6,24.5,12.9,3.04E-05
31662,1300503,80690,6.3,10.7,16.5,22.9,50,10.8,0.000506254
396,14883,43788,8.1,16.9,35.9,34.3,12.9,17.9,8.28E-06
654,21591,48254,9.9,18,43,25.6,13.4,17.2,9.02E-06
1378,42166,53078,7.7,14.2,34.4,34.3,17.1,14.9,2.79E-05
122,3623,58908,5.6,24.4,41.2,24.7,9.6,13.8,1.13E-06
1669,26742,44690,6.4,24.2,29.3,28.6,17.9,19.8,6.65E-06
3159,49028,45034,7.9,31.8,24.4,25.4,18.4,20.8,6.02E-06
1797,57533,55554,6.1,15.4,34.2,34.6,15.8,13.6,2.64E-05
2719,91936,57344,8.3,16.2,30.8,33,20,14.3,4.02E-05
2701,72164,47519,7.2,14,39.9,25.4,20.8,21.4,3.55E-05
2058,57452,61822,7.8,17.5,32.5,28.9,21.1,13.2,4.32E-05
433,12097,61396,9.4,21.4,36.2,29.9,12.5,12.4,5.59E-06
2514,35771,59039,5.6,13.3,31,28.9,26.8,10.6,2.29E-05
16771,277681,52576,8.5,32.4,25.3,23.3,18.9,20.9,3.19E-05
1642,41685,49901,6.8,21.7,27.5,32.7,18,16.4,1.48E-05
162,4946,58544,6,19.8,30,33.4,16.8,11.6,2.09E-06
3906,133205,51535,6.7,13.4,31.7,31.8,23.1,13.9,8.19E-05
526,12552,42570,5.9,22.8,34,28,15.2,14.9,4.99E-06
1218,21161,35821,12,34.3,35.7,21.2,8.9,30.5,1.38E-05
22442,617855,92661,5.9,6.8,20.5,31.4,41.3,5.4,0.000213312
2332,52023,76905,5.7,12.4,36.1,29.7,21.8,8.3,2.50E-05
221,7887,64894,9.3,30.8,30.3,30.7,8.2,12.5,3.62E-06
2939,71084,70468,6.5,14.7,34.8,32.5,18,8.3,3.03E-05
1360,46291,56945,6.6,15.3,33.4,34.7,16.6,14.3,2.77E-05
92,8702,62636,11.9,36.5,26.2,24.6,12.7,10.6,4.20E-06
737,17904,52643,5.3,17,33.7,30,19.3,13.6,7.56E-06
740,14172,36069,12.4,38.1,30.8,19.5,11.6,30.1,5.48E-06
980,11840,32538,14.1,33.1,32.7,23.3,10.9,29.6,3.52E-06
729,17641,73035,5.4,7.9,34.3,36.8,21,6.9,2.49E-05
348,10618,55072,7.2,9.6,30.7,28.2,31.5,13.3,3.08E-05
907,23238,35878,6.4,23.3,34.5,31.1,11.2,27.1,2.06E-05
12957,422784,151806,5.3,6.1,12.4,20.2,61.3,3.1,0.000316496
1014,38132,64135,5.2,14.8,32.7,28.5,24.1,9.5,2.97E-05
407,12267,44860,5.3,22.2,40.4,26.1,11.3,19.2,1.10E-05
303,13312,66397,3.8,13.9,36.3,26.4,23.4,9.3,1.60E-05
283,8766,69112,4.9,9.5,30.8,31.8,27.9,8.8,3.94E-05
939,30679,43128,6.8,18.1,31.8,30,20.2,17.3,1.89E-05
290,10569,58834,5.1,12.9,32.6,32.9,21.5,13.8,3.13E-05
4038,98391,58740,4.8,6.8,23.4,24.4,45.5,20.5,9.82E-05
532,14755,55804,5.6,14.3,35.2,20.2,30.4,11.8,1.21E-05
813,23648,102619,4.6,7.3,34.5,31.3,26.9,5,4.35E-05
342,11673,45235,7.8,17.5,35,24.9,22.6,18.1,2.13E-05
307,12069,60385,6.3,9,32.7,29.5,28.9,12.7,2.43E-05
723,15160,45913,5.1,20.3,37.7,27.2,14.8,21.5,1.86E-05
1176,37695,71691,5.6,11.3,34.7,28.9,25.1,9.7,4.27E-05
954,23933,52877,7.3,17.4,45.5,23.4,13.7,11.3,2.98E-05
554,17493,43568,6.9,19.8,34.8,30.2,15.2,15.5,1.40E-05
2767,59850,51682,6.5,17.3,35,33.1,14.5,15.1,2.38E-05
1013,30148,94293,4.8,10.1,30,30.6,29.2,5.4,4.47E-05
1025,23006,44586,6.5,14,34.1,25.1,26.8,20.6,2.54E-05
1648,38686,74518,6.5,9.4,33.8,33.2,23.6,8.3,5.63E-05
18696,475533,106208,6.5,11.5,20,27.3,41.1,6.1,0.000546865
1031,33935,54086,7.9,12.6,33.2,34.2,20,14.6,4.10E-05
178,7260,79086,4.5,11.6,27.6,25,35.8,8.5,1.05E-05
672,9071,49758,4.9,19.4,35.4,27.5,17.7,17.8,1.83E-05
3423,94509,71742,5.1,7.7,25,31.8,35.6,6.5,0.000145644
885,22757,58501,5.5,13.2,33.7,26.5,26.7,11.5,1.47E-05
2699,82346,67242,4.7,16,35.1,22.5,26.3,8.1,3.74E-05
693,26647,40345,6.6,19.7,38,30.1,12.2,20,2.17E-05
580,21629,41288,5.3,18.6,38.1,30,13.3,14.8,1.56E-05
1970,43905,59087,5.3,13,37.9,28.6,20.5,10.3,3.34E-05
1001,30090,41964,6.4,16.7,37.7,31,14.6,16.5,2.57E-05
816,17636,62327,5,15.2,29.8,36.6,18.4,13.3,1.14E-05
4850,138449,90262,6,8.8,29.5,29.9,31.7,6.6,0.000133138
5783,156748,109090,5.7,6.8,22.9,30.4,39.9,5.4,0.000224813
174,6385,59069,5.7,15,36.2,28.1,20.6,11.9,8.84E-06
475,10925,45134,8.5,19.7,42.5,25.1,12.7,21.6,8.60E-06
1184,40529,43619,7.6,18.3,36.5,30.3,14.9,21.7,3.02E-05
1539,40475,69878,5.8,13.1,35.9,29.3,21.7,9.7,7.28E-05
1768,53695,52387,5.8,14.3,34.3,28.6,22.8,12.3,3.69E-05
562,18149,54885,5.9,15.5,33.8,31.5,19.2,15.9,3.06E-05
1064,37206,42372,7.6,24.1,29.7,31.3,15,20.4,3.56E-05
1259,28620,48543,7.7,13.8,37.9,29.3,19,12.8,2.39E-05
2198,69199,91535,5.6,5.3,18.9,28.7,47.1,5.1,0.000255424
4279,158726,102589,6,7,11.6,18.3,63.1,8.6,0.004103918
524,17329,37678,7.7,15.3,29.7,29.6,25.4,21.8,0.000518519
377,6402,44752,5.7,18.9,40.3,24.9,15.9,17.2,0.000383934
1785,46950,58717,6.4,8.9,16.5,19.7,54.9,22.1,0.001769457
11208,247011,77361,6.1,7.9,24,34.9,33.2,8.3,0.000281739
1052,17205,57688,7.1,8.5,31.4,34.6,25.5,9.4,0.00088343
247,5639,41842,9.6,12.7,44.4,27.3,15.6,14.5,0.000398126
2050,39869,36073,9.7,18.2,31.5,32.6,17.6,23.5,0.000359684
252,5257,38631,11.1,20.6,33.8,31.8,13.8,20.5,0.000293998
244,23429,106430,5.6,6,13.4,19.8,60.8,7.1,0.00144957
242,14631,137849,3.8,1.1,7.3,14.1,77.6,3.5,0.002760428
451,7833,45433,8.5,13.7,29.1,38.1,19.1,19.2,0.000363251
1029,29492,62121,7.2,9.8,23.7,25.5,40.9,16.9,0.001089586
319,6296,37229,7.7,24.3,30.4,30.5,14.8,19,0.000295142
5827,135464,55816,8.5,8.6,29.1,35.5,26.9,13.8,0.001017446
2042,53204,48189,6.4,16.1,25.6,22,36.3,24.9,0.001184723
1663,22375,38293,10.7,18.7,36.7,29.8,14.8,19.3,0.000834305
564,7279,54204,7,8.6,21.9,22.9,46.7,22.9,0.001124517
3295,81561,50612,7.2,11.3,25.2,27.9,35.6,16.8,0.00064301
1374,40869,84405,6.5,17.3,25.8,27.3,29.6,7.4,0.001602021
270,18004,83145,6.8,17.3,26.4,28.4,27.9,6.3,0.002753445
569,12355,37814,10.9,17.2,28.5,33.3,21,19.5,0.000435394
7680,179062,53022,8.7,9,28.5,36.2,26.3,15.1,0.001000254
8373,242803,52437,8.7,12,25.6,33.6,28.8,19,0.001759623
114,3985,38062,7.5,16,24,37.3,22.8,19.3,0.000205772
2334,30446,40240,13.9,17.2,35.7,27.3,19.8,21.6,0.000517393
534,12257,98217,4.2,5.1,25.9,26.8,42.2,5.3,0.000307676
4339,95094,50411,9.6,11.7,30.1,36.3,21.9,18.5,0.001102562
597,18255,41530,6.3,8.8,23.8,29.4,38,30.5,0.000728401
7478,232226,50949,8.8,14.6,21.8,24,39.6,19.2,0.00149653
3066,99058,45534,7.7,13.8,34.1,28.7,23.4,19.5,0.000899536
955,25340,54888,5.8,10.8,29,32.3,27.9,9.4,0.000673924
931,25190,54296,6.3,10.3,29.8,26.5,33.4,11.3,0.000488237
3778,93913,77847,6.5,10.1,27.1,33.3,29.5,9.8,9.08E-05
18380,451231,78491,6.2,6.5,21,36.5,36,7.3,0.000711909
1118,22741,44619,6.5,13.9,33.4,25.6,27.1,12.3,0.00058654
398,15259,56569,8.2,5.3,18.7,19.2,56.8,18.2,0.000658985
1154,27700,60254,5.8,15.9,24.6,24.4,35.1,13.3,0.001163402
350,8058,34385,9.4,20.7,49.5,18.4,11.4,21.8,5.62E-06
702,14904,46824,9.8,13.8,50.9,23.3,12,16.3,1.61E-05
224,5705,48627,10.7,17.1,42,29.7,11.2,17.5,9.47E-06
3593,82938,49209,8.8,10.1,34.4,33.6,21.9,14.1,8.74E-05
956,20123,42761,10.5,19.8,48.7,22.2,9.3,22.9,1.56E-05
4912,195802,61691,7.3,9.5,31.6,33.7,25.2,12.4,0.000227307
245,17258,51295,5.1,9.9,40.8,30.3,19,12.5,1.14E-05
4485,163084,61624,7.1,9.2,36.1,32.5,22.1,12.3,8.77E-05
201,14022,49860,6.6,12,41.5,29.9,16.6,12.3,5.93E-06
2778,91838,87098,7.1,3.8,24.6,36.2,35.4,5.9,4.91E-05
1349,64449,63752,7.5,9.1,33.9,33,24.1,10.2,2.99E-05
456,16700,53908,7.9,7.7,34,34.1,24.2,12.7,5.13E-06
666,40786,58982,6.4,8.6,44.8,30.9,15.7,9.6,1.76E-05
2685,115240,62108,5.7,6.8,35.9,32.2,25.1,8.1,8.70E-05
321,20318,52419,4.9,11.6,43.4,29.8,15.1,9.7,8.05E-06
599,29681,61687,7,9.3,39,32.4,19.3,8.9,1.56E-05
391,30861,56272,5.2,10.6,37.7,29.3,22.4,14.1,1.51E-05
721,22356,55576,7.2,6.3,30,34.7,29.1,11.2,1.01E-05
2761,103953,64682,6.1,9.2,31.3,30.8,28.8,9.5,7.23E-05
421,15712,52735,6.9,7.8,33.6,35.6,23,12.8,7.61E-06
3414,136445,81928,5.6,5.1,30.3,33.2,31.5,5.1,0.000122332
11277,406172,91070,5.6,3.8,22.7,29.1,44.5,4.7,0.000285279
1197,50664,61773,5.5,8.2,40.8,31.1,19.9,8.8,2.62E-05
410,24326,55476,6.3,13.2,42,28.6,16.3,12.4,1.50E-05
4011,171631,59643,5.4,7.1,33.4,31.1,28.3,9.7,0.000152446
1431,72560,57325,6.7,7.3,38,33,21.6,10.7,3.53E-05
